{
    "CreatedAtUtc":  "2026-07-10T12:42:50.9453064Z",
    "Passed":  true,
    "Cases":  [
                  {
                      "Units":  256,
                      "MeasuredTicks":  360,
                      "Passed":  true,
                      "P95BudgetMilliseconds":  4,
                      "AllocationBudgetBytes":  1024,
                      "AverageTickMilliseconds":  0.9749449999999996,
                      "P95TickMilliseconds":  1.3749,
                      "MaximumTickMilliseconds":  4.0285,
                      "AverageAllocatedBytes":  27.2,
                      "AveragePathMilliseconds":  0.0003369444444444455,
                      "AverageSteeringMilliseconds":  0.5554505555555559,
                      "AverageCollisionMilliseconds":  0.3452088888888889,
                      "AverageOtherMilliseconds":  0.07321250000000003
                  },
                  {
                      "Units":  512,
                      "MeasuredTicks":  360,
                      "Passed":  true,
                      "P95BudgetMilliseconds":  12.5,
                      "AllocationBudgetBytes":  1024,
                      "AverageTickMilliseconds":  3.485752222222222,
                      "P95TickMilliseconds":  4.0657,
                      "MaximumTickMilliseconds":  4.6641,
                      "AverageAllocatedBytes":  182.2,
                      "AveragePathMilliseconds":  0.001377500000000001,
                      "AverageSteeringMilliseconds":  2.733116666666668,
                      "AverageCollisionMilliseconds":  0.6944330555555555,
                      "AverageOtherMilliseconds":  0.05642805555555559
                  },
                  {
                      "Units":  1000,
                      "MeasuredTicks":  360,
                      "Passed":  true,
                      "P95BudgetMilliseconds":  16.67,
                      "AllocationBudgetBytes":  1024,
                      "AverageTickMilliseconds":  6.818130277777779,
                      "P95TickMilliseconds":  7.6406,
                      "MaximumTickMilliseconds":  9.5759,
                      "AverageAllocatedBytes":  461.15555555555557,
                      "AveragePathMilliseconds":  0.0017830555555555555,
                      "AverageSteeringMilliseconds":  5.118276388888888,
                      "AverageCollisionMilliseconds":  1.5954300000000006,
                      "AverageOtherMilliseconds":  0.10218333333333329
                  }
              ]
}
