{
    "CreatedAtUtc":  "2026-07-10T12:09:31.1228676Z",
    "Passed":  true,
    "Cases":  [
                  {
                      "Units":  256,
                      "MeasuredTicks":  360,
                      "Passed":  true,
                      "P95BudgetMilliseconds":  4,
                      "AllocationBudgetBytes":  1024,
                      "AverageTickMilliseconds":  1.2487555555555547,
                      "P95TickMilliseconds":  2.0081,
                      "MaximumTickMilliseconds":  2.9188,
                      "AverageAllocatedBytes":  27.2,
                      "AveragePathMilliseconds":  0.0009522222222222193,
                      "AverageSteeringMilliseconds":  0.7683047222222226,
                      "AverageCollisionMilliseconds":  0.4073008333333336,
                      "AverageOtherMilliseconds":  0.0705169444444444
                  },
                  {
                      "Units":  512,
                      "MeasuredTicks":  360,
                      "Passed":  true,
                      "P95BudgetMilliseconds":  12.5,
                      "AllocationBudgetBytes":  1024,
                      "AverageTickMilliseconds":  4.646218055555552,
                      "P95TickMilliseconds":  6.5335,
                      "MaximumTickMilliseconds":  7.8464,
                      "AverageAllocatedBytes":  182.2,
                      "AveragePathMilliseconds":  0.0016766666666666657,
                      "AverageSteeringMilliseconds":  3.657227222222224,
                      "AverageCollisionMilliseconds":  0.9162299999999998,
                      "AverageOtherMilliseconds":  0.07045138888888886
                  },
                  {
                      "Units":  1000,
                      "MeasuredTicks":  360,
                      "Passed":  true,
                      "P95BudgetMilliseconds":  16.67,
                      "AllocationBudgetBytes":  1024,
                      "AverageTickMilliseconds":  8.824494722222218,
                      "P95TickMilliseconds":  11.017,
                      "MaximumTickMilliseconds":  13.7547,
                      "AverageAllocatedBytes":  461.15555555555557,
                      "AveragePathMilliseconds":  0.002893333333333334,
                      "AverageSteeringMilliseconds":  6.68886138888889,
                      "AverageCollisionMilliseconds":  2.0001558333333342,
                      "AverageOtherMilliseconds":  0.13185249999999998
                  }
              ]
}
