{
    "CreatedAtUtc":  "2026-07-11T06:45:23.8556928Z",
    "Passed":  true,
    "Cases":  [
                  {
                      "Units":  256,
                      "MeasuredTicks":  360,
                      "Passed":  true,
                      "P95BudgetMilliseconds":  4,
                      "StateHashBudgetMilliseconds":  2,
                      "AllocationBudgetBytes":  1024,
                      "AverageTickMilliseconds":  1.458494722222223,
                      "P95TickMilliseconds":  3.1034,
                      "MaximumTickMilliseconds":  6.3036,
                      "AverageStateHashMilliseconds":  0.9818625,
                      "AverageAllocatedBytes":  27.2,
                      "AverageCombatMilliseconds":  0.005112777777777766,
                      "AveragePathMilliseconds":  0.00043722222222222155,
                      "AverageSteeringMilliseconds":  0.9710594444444447,
                      "AverageCollisionMilliseconds":  0.39465138888888895,
                      "AverageOtherMilliseconds":  0.0858349999999999
                  },
                  {
                      "Units":  512,
                      "MeasuredTicks":  360,
                      "Passed":  true,
                      "P95BudgetMilliseconds":  12.5,
                      "StateHashBudgetMilliseconds":  6.25,
                      "AllocationBudgetBytes":  1024,
                      "AverageTickMilliseconds":  3.625054999999999,
                      "P95TickMilliseconds":  4.5482,
                      "MaximumTickMilliseconds":  5.1311,
                      "AverageStateHashMilliseconds":  1.2296625,
                      "AverageAllocatedBytes":  182.2,
                      "AverageCombatMilliseconds":  0.002307777777777783,
                      "AveragePathMilliseconds":  0.0008849999999999994,
                      "AverageSteeringMilliseconds":  2.825497222222221,
                      "AverageCollisionMilliseconds":  0.7340916666666669,
                      "AverageOtherMilliseconds":  0.061777777777777786
                  },
                  {
                      "Units":  1000,
                      "MeasuredTicks":  360,
                      "Passed":  true,
                      "P95BudgetMilliseconds":  16.67,
                      "StateHashBudgetMilliseconds":  8.335,
                      "AllocationBudgetBytes":  1024,
                      "AverageTickMilliseconds":  8.497131111111111,
                      "P95TickMilliseconds":  12.2967,
                      "MaximumTickMilliseconds":  16.817,
                      "AverageStateHashMilliseconds":  1.5913625,
                      "AverageAllocatedBytes":  461.15555555555557,
                      "AverageCombatMilliseconds":  0.005280833333333336,
                      "AveragePathMilliseconds":  0.0021625000000000017,
                      "AverageSteeringMilliseconds":  6.42344388888889,
                      "AverageCollisionMilliseconds":  1.9178800000000005,
                      "AverageOtherMilliseconds":  0.14763833333333334
                  }
              ],
    "CombatCases":  [
                        {
                            "Units":  128,
                            "MeasuredTicks":  360,
                            "Passed":  true,
                            "P95BudgetMilliseconds":  4,
                            "StateHashBudgetMilliseconds":  2,
                            "AllocationBudgetBytes":  8192,
                            "AverageTickMilliseconds":  1.241770277777778,
                            "P95TickMilliseconds":  1.5655,
                            "MaximumTickMilliseconds":  1.9027,
                            "AverageStateHashMilliseconds":  0.15755625,
                            "AverageAllocatedBytes":  2382.133333333333,
                            "AverageCombatMilliseconds":  0.4351102777777777,
                            "AveragePathMilliseconds":  0.0032191666666666636,
                            "AverageSteeringMilliseconds":  0.6560691666666668,
                            "AverageCollisionMilliseconds":  0.13002138888888887,
                            "AverageOtherMilliseconds":  0.016931388888888885
                        },
                        {
                            "Units":  256,
                            "MeasuredTicks":  360,
                            "Passed":  true,
                            "P95BudgetMilliseconds":  8,
                            "StateHashBudgetMilliseconds":  4,
                            "AllocationBudgetBytes":  8192,
                            "AverageTickMilliseconds":  3.430956666666666,
                            "P95TickMilliseconds":  4.8955,
                            "MaximumTickMilliseconds":  5.7918,
                            "AverageStateHashMilliseconds":  0.69509375,
                            "AverageAllocatedBytes":  4115.8,
                            "AverageCombatMilliseconds":  1.6242808333333325,
                            "AveragePathMilliseconds":  0.00679,
                            "AverageSteeringMilliseconds":  1.431956111111111,
                            "AverageCollisionMilliseconds":  0.32411000000000023,
                            "AverageOtherMilliseconds":  0.04322694444444443
                        }
                    ]
}
