{
    "CreatedAtUtc":  "2026-07-10T16:28:15.5879151Z",
    "Passed":  true,
    "Cases":  [
                  {
                      "Units":  256,
                      "MeasuredTicks":  360,
                      "Passed":  true,
                      "P95BudgetMilliseconds":  4,
                      "AllocationBudgetBytes":  1024,
                      "AverageTickMilliseconds":  1.210129722222222,
                      "P95TickMilliseconds":  1.7552,
                      "MaximumTickMilliseconds":  4.0241,
                      "AverageAllocatedBytes":  27.2,
                      "AveragePathMilliseconds":  0.00042777777777777763,
                      "AverageSteeringMilliseconds":  0.7395969444444443,
                      "AverageCollisionMilliseconds":  0.38343416666666663,
                      "AverageOtherMilliseconds":  0.08564138888888881
                  },
                  {
                      "Units":  512,
                      "MeasuredTicks":  360,
                      "Passed":  true,
                      "P95BudgetMilliseconds":  12.5,
                      "AllocationBudgetBytes":  1024,
                      "AverageTickMilliseconds":  4.929089999999994,
                      "P95TickMilliseconds":  7.1573,
                      "MaximumTickMilliseconds":  10.4742,
                      "AverageAllocatedBytes":  182.2,
                      "AveragePathMilliseconds":  0.001137222222222222,
                      "AverageSteeringMilliseconds":  3.912247222222218,
                      "AverageCollisionMilliseconds":  0.934773055555556,
                      "AverageOtherMilliseconds":  0.08035333333333333
                  },
                  {
                      "Units":  1000,
                      "MeasuredTicks":  360,
                      "Passed":  true,
                      "P95BudgetMilliseconds":  16.67,
                      "AllocationBudgetBytes":  1024,
                      "AverageTickMilliseconds":  8.63556222222222,
                      "P95TickMilliseconds":  10.6694,
                      "MaximumTickMilliseconds":  15.6045,
                      "AverageAllocatedBytes":  461.15555555555557,
                      "AveragePathMilliseconds":  0.0023255555555555555,
                      "AverageSteeringMilliseconds":  6.547870277777777,
                      "AverageCollisionMilliseconds":  1.9447758333333325,
                      "AverageOtherMilliseconds":  0.13997555555555555
                  }
              ]
}
