{
    "CreatedAtUtc":  "2026-07-10T13:33:33.6080918Z",
    "Passed":  true,
    "Cases":  [
                  {
                      "Units":  256,
                      "MeasuredTicks":  360,
                      "Passed":  true,
                      "P95BudgetMilliseconds":  4,
                      "AllocationBudgetBytes":  1024,
                      "AverageTickMilliseconds":  1.030751388888889,
                      "P95TickMilliseconds":  1.356,
                      "MaximumTickMilliseconds":  4.9012,
                      "AverageAllocatedBytes":  27.2,
                      "AveragePathMilliseconds":  0.00042722222222222245,
                      "AverageSteeringMilliseconds":  0.614123888888889,
                      "AverageCollisionMilliseconds":  0.34686305555555585,
                      "AverageOtherMilliseconds":  0.06848166666666672
                  },
                  {
                      "Units":  512,
                      "MeasuredTicks":  360,
                      "Passed":  true,
                      "P95BudgetMilliseconds":  12.5,
                      "AllocationBudgetBytes":  1024,
                      "AverageTickMilliseconds":  3.5915647222222233,
                      "P95TickMilliseconds":  4.5141,
                      "MaximumTickMilliseconds":  5.2378,
                      "AverageAllocatedBytes":  182.2,
                      "AveragePathMilliseconds":  0.0011258333333333337,
                      "AverageSteeringMilliseconds":  2.8230275000000002,
                      "AverageCollisionMilliseconds":  0.708404722222222,
                      "AverageOtherMilliseconds":  0.05854694444444448
                  },
                  {
                      "Units":  1000,
                      "MeasuredTicks":  360,
                      "Passed":  true,
                      "P95BudgetMilliseconds":  16.67,
                      "AllocationBudgetBytes":  1024,
                      "AverageTickMilliseconds":  7.222176111111112,
                      "P95TickMilliseconds":  8.8444,
                      "MaximumTickMilliseconds":  10.9103,
                      "AverageAllocatedBytes":  461.15555555555557,
                      "AveragePathMilliseconds":  0.0018055555555555563,
                      "AverageSteeringMilliseconds":  5.473800833333333,
                      "AverageCollisionMilliseconds":  1.6321022222222237,
                      "AverageOtherMilliseconds":  0.11390694444444437
                  }
              ]
}
