{
    "CreatedAtUtc":  "2026-07-11T01:04:59.2501191Z",
    "Passed":  true,
    "Cases":  [
                  {
                      "Units":  256,
                      "MeasuredTicks":  360,
                      "Passed":  true,
                      "P95BudgetMilliseconds":  4,
                      "StateHashBudgetMilliseconds":  2,
                      "AllocationBudgetBytes":  1024,
                      "AverageTickMilliseconds":  1.2615336111111117,
                      "P95TickMilliseconds":  1.9276,
                      "MaximumTickMilliseconds":  6.3351,
                      "AverageStateHashMilliseconds":  0.73590625,
                      "AverageAllocatedBytes":  27.2,
                      "AverageCombatMilliseconds":  0.005714999999999985,
                      "AveragePathMilliseconds":  0.00047444444444444205,
                      "AverageSteeringMilliseconds":  0.7440080555555566,
                      "AverageCollisionMilliseconds":  0.40183444444444394,
                      "AverageOtherMilliseconds":  0.10824194444444454
                  },
                  {
                      "Units":  512,
                      "MeasuredTicks":  360,
                      "Passed":  true,
                      "P95BudgetMilliseconds":  12.5,
                      "StateHashBudgetMilliseconds":  6.25,
                      "AllocationBudgetBytes":  1024,
                      "AverageTickMilliseconds":  3.968320000000005,
                      "P95TickMilliseconds":  5.2749,
                      "MaximumTickMilliseconds":  6.4315,
                      "AverageStateHashMilliseconds":  1.4466,
                      "AverageAllocatedBytes":  182.2,
                      "AverageCombatMilliseconds":  0.0026233333333333304,
                      "AveragePathMilliseconds":  0.0011055555555555565,
                      "AverageSteeringMilliseconds":  3.1069361111111107,
                      "AverageCollisionMilliseconds":  0.7869483333333329,
                      "AverageOtherMilliseconds":  0.07015638888888892
                  },
                  {
                      "Units":  1000,
                      "MeasuredTicks":  360,
                      "Passed":  true,
                      "P95BudgetMilliseconds":  16.67,
                      "StateHashBudgetMilliseconds":  8.335,
                      "AllocationBudgetBytes":  1024,
                      "AverageTickMilliseconds":  7.5294755555555515,
                      "P95TickMilliseconds":  9.9371,
                      "MaximumTickMilliseconds":  11.5118,
                      "AverageStateHashMilliseconds":  1.27725625,
                      "AverageAllocatedBytes":  461.15555555555557,
                      "AverageCombatMilliseconds":  0.004505277777777788,
                      "AveragePathMilliseconds":  0.0018391666666666667,
                      "AverageSteeringMilliseconds":  5.684186666666669,
                      "AverageCollisionMilliseconds":  1.7122933333333306,
                      "AverageOtherMilliseconds":  0.12607694444444445
                  }
              ],
    "CombatCases":  [
                        {
                            "Units":  128,
                            "MeasuredTicks":  360,
                            "Passed":  true,
                            "P95BudgetMilliseconds":  4,
                            "StateHashBudgetMilliseconds":  2,
                            "AllocationBudgetBytes":  8192,
                            "AverageTickMilliseconds":  1.4308433333333344,
                            "P95TickMilliseconds":  2.0001,
                            "MaximumTickMilliseconds":  2.3887,
                            "AverageStateHashMilliseconds":  0.1667375,
                            "AverageAllocatedBytes":  2382.133333333333,
                            "AverageCombatMilliseconds":  0.5158472222222222,
                            "AveragePathMilliseconds":  0.003966666666666662,
                            "AverageSteeringMilliseconds":  0.7453341666666675,
                            "AverageCollisionMilliseconds":  0.14534777777777771,
                            "AverageOtherMilliseconds":  0.01991055555555558
                        },
                        {
                            "Units":  256,
                            "MeasuredTicks":  360,
                            "Passed":  true,
                            "P95BudgetMilliseconds":  8,
                            "StateHashBudgetMilliseconds":  4,
                            "AllocationBudgetBytes":  8192,
                            "AverageTickMilliseconds":  3.6499175,
                            "P95TickMilliseconds":  4.935,
                            "MaximumTickMilliseconds":  5.6711,
                            "AverageStateHashMilliseconds":  0.85483125,
                            "AverageAllocatedBytes":  4115.8,
                            "AverageCombatMilliseconds":  1.7407002777777794,
                            "AveragePathMilliseconds":  0.007999999999999997,
                            "AverageSteeringMilliseconds":  1.5148927777777783,
                            "AverageCollisionMilliseconds":  0.33757305555555567,
                            "AverageOtherMilliseconds":  0.04793916666666669
                        }
                    ]
}
