{
    "CreatedAtUtc":  "2026-07-14T18:47:52.2980034Z",
    "Passed":  false,
    "Cases":  [
                  {
                      "Units":  256,
                      "MeasuredTicks":  360,
                      "Passed":  false,
                      "P95BudgetMilliseconds":  4,
                      "StateHashBudgetMilliseconds":  2,
                      "AllocationBudgetBytes":  1024,
                      "AverageTickMilliseconds":  1.8239330555555568,
                      "P95TickMilliseconds":  4.4864,
                      "MaximumTickMilliseconds":  14.8932,
                      "AverageStateHashMilliseconds":  1.4411125,
                      "AverageAllocatedBytes":  38327.88888888889,
                      "AverageCombatMilliseconds":  0.038591666666666635,
                      "AveragePathMilliseconds":  0.0008047222222222192,
                      "AverageSteeringMilliseconds":  0.8496116666666668,
                      "AverageCollisionMilliseconds":  0.766111388888889,
                      "AverageOtherMilliseconds":  0.16805666666666663,
                      "ActiveProjectiles":  0
                  },
                  {
                      "Units":  512,
                      "MeasuredTicks":  360,
                      "Passed":  false,
                      "P95BudgetMilliseconds":  12.5,
                      "StateHashBudgetMilliseconds":  6.25,
                      "AllocationBudgetBytes":  1024,
                      "AverageTickMilliseconds":  5.4260561111111105,
                      "P95TickMilliseconds":  7.7203,
                      "MaximumTickMilliseconds":  36.2449,
                      "AverageStateHashMilliseconds":  1.4913375,
                      "AverageAllocatedBytes":  81428.35555555555,
                      "AverageCombatMilliseconds":  0.06061499999999999,
                      "AveragePathMilliseconds":  0.0008166666666666647,
                      "AverageSteeringMilliseconds":  3.5361088888888945,
                      "AverageCollisionMilliseconds":  1.397382500000001,
                      "AverageOtherMilliseconds":  0.43018888888888895,
                      "ActiveProjectiles":  0
                  },
                  {
                      "Units":  1000,
                      "MeasuredTicks":  360,
                      "Passed":  false,
                      "P95BudgetMilliseconds":  16.67,
                      "StateHashBudgetMilliseconds":  8.335,
                      "AllocationBudgetBytes":  1024,
                      "AverageTickMilliseconds":  13.022331388888896,
                      "P95TickMilliseconds":  27.8073,
                      "MaximumTickMilliseconds":  63.785,
                      "AverageStateHashMilliseconds":  2.64910625,
                      "AverageAllocatedBytes":  158064.6,
                      "AverageCombatMilliseconds":  0.23735416666666667,
                      "AveragePathMilliseconds":  0.0014255555555555564,
                      "AverageSteeringMilliseconds":  7.692519999999996,
                      "AverageCollisionMilliseconds":  2.933688611111111,
                      "AverageOtherMilliseconds":  2.1558036111111125,
                      "ActiveProjectiles":  0
                  }
              ],
    "CombatCases":  [
                        {
                            "Units":  128,
                            "MeasuredTicks":  360,
                            "Passed":  false,
                            "P95BudgetMilliseconds":  4,
                            "StateHashBudgetMilliseconds":  2,
                            "AllocationBudgetBytes":  8192,
                            "AverageTickMilliseconds":  0.5403530555555554,
                            "P95TickMilliseconds":  0.9988,
                            "MaximumTickMilliseconds":  2.1824,
                            "AverageStateHashMilliseconds":  0.48378125,
                            "AverageAllocatedBytes":  11746.488888888889,
                            "AverageCombatMilliseconds":  0.03670250000000002,
                            "AveragePathMilliseconds":  0.0004061111111111111,
                            "AverageSteeringMilliseconds":  0.28819472222222253,
                            "AverageCollisionMilliseconds":  0.0971861111111112,
                            "AverageOtherMilliseconds":  0.1174152777777778,
                            "ActiveProjectiles":  649
                        },
                        {
                            "Units":  256,
                            "MeasuredTicks":  360,
                            "Passed":  false,
                            "P95BudgetMilliseconds":  8,
                            "StateHashBudgetMilliseconds":  4,
                            "AllocationBudgetBytes":  8192,
                            "AverageTickMilliseconds":  1.9393630555555579,
                            "P95TickMilliseconds":  2.8143,
                            "MaximumTickMilliseconds":  3.9154,
                            "AverageStateHashMilliseconds":  0.58378125,
                            "AverageAllocatedBytes":  23251.911111111112,
                            "AverageCombatMilliseconds":  0.08742500000000003,
                            "AveragePathMilliseconds":  0.001467222222222222,
                            "AverageSteeringMilliseconds":  1.3429933333333333,
                            "AverageCollisionMilliseconds":  0.25860333333333335,
                            "AverageOtherMilliseconds":  0.24832555555555563,
                            "ActiveProjectiles":  867
                        }
                    ]
}
