{
    "CreatedAtUtc":  "2026-07-12T03:47:29.3739439Z",
    "Passed":  true,
    "Cases":  [
                  {
                      "Units":  256,
                      "MeasuredTicks":  360,
                      "Passed":  true,
                      "P95BudgetMilliseconds":  4,
                      "StateHashBudgetMilliseconds":  2,
                      "AllocationBudgetBytes":  1024,
                      "AverageTickMilliseconds":  1.5645558333333334,
                      "P95TickMilliseconds":  3.7608,
                      "MaximumTickMilliseconds":  7.6855,
                      "AverageStateHashMilliseconds":  1.85089375,
                      "AverageAllocatedBytes":  27.2,
                      "AverageCombatMilliseconds":  0.005156666666666649,
                      "AveragePathMilliseconds":  0.0005811111111111083,
                      "AverageSteeringMilliseconds":  1.043865555555555,
                      "AverageCollisionMilliseconds":  0.4102947222222225,
                      "AverageOtherMilliseconds":  0.10326416666666662
                  },
                  {
                      "Units":  512,
                      "MeasuredTicks":  360,
                      "Passed":  true,
                      "P95BudgetMilliseconds":  12.5,
                      "StateHashBudgetMilliseconds":  6.25,
                      "AllocationBudgetBytes":  1024,
                      "AverageTickMilliseconds":  4.266636666666672,
                      "P95TickMilliseconds":  5.9546,
                      "MaximumTickMilliseconds":  10.7838,
                      "AverageStateHashMilliseconds":  2.31595625,
                      "AverageAllocatedBytes":  182.2,
                      "AverageCombatMilliseconds":  0.003231666666666669,
                      "AveragePathMilliseconds":  0.0014463888888888888,
                      "AverageSteeringMilliseconds":  3.2726230555555578,
                      "AverageCollisionMilliseconds":  0.8977636111111108,
                      "AverageOtherMilliseconds":  0.09095055555555555
                  },
                  {
                      "Units":  1000,
                      "MeasuredTicks":  360,
                      "Passed":  true,
                      "P95BudgetMilliseconds":  16.67,
                      "StateHashBudgetMilliseconds":  8.335,
                      "AllocationBudgetBytes":  1024,
                      "AverageTickMilliseconds":  7.206598333333333,
                      "P95TickMilliseconds":  8.9775,
                      "MaximumTickMilliseconds":  10.1419,
                      "AverageStateHashMilliseconds":  1.57984375,
                      "AverageAllocatedBytes":  461.15555555555557,
                      "AverageCombatMilliseconds":  0.003968333333333346,
                      "AveragePathMilliseconds":  0.0017655555555555547,
                      "AverageSteeringMilliseconds":  5.391826944444442,
                      "AverageCollisionMilliseconds":  1.681967222222222,
                      "AverageOtherMilliseconds":  0.1265061111111112
                  }
              ],
    "CombatCases":  [
                        {
                            "Units":  128,
                            "MeasuredTicks":  360,
                            "Passed":  true,
                            "P95BudgetMilliseconds":  4,
                            "StateHashBudgetMilliseconds":  2,
                            "AllocationBudgetBytes":  8192,
                            "AverageTickMilliseconds":  1.2234600000000002,
                            "P95TickMilliseconds":  1.4925,
                            "MaximumTickMilliseconds":  1.8688,
                            "AverageStateHashMilliseconds":  0.29310625,
                            "AverageAllocatedBytes":  2382.133333333333,
                            "AverageCombatMilliseconds":  0.4074325000000005,
                            "AveragePathMilliseconds":  0.0027002777777777776,
                            "AverageSteeringMilliseconds":  0.6165044444444446,
                            "AverageCollisionMilliseconds":  0.12105888888888885,
                            "AverageOtherMilliseconds":  0.07539722222222223
                        },
                        {
                            "Units":  256,
                            "MeasuredTicks":  360,
                            "Passed":  true,
                            "P95BudgetMilliseconds":  8,
                            "StateHashBudgetMilliseconds":  4,
                            "AllocationBudgetBytes":  8192,
                            "AverageTickMilliseconds":  3.610762777777782,
                            "P95TickMilliseconds":  4.9785,
                            "MaximumTickMilliseconds":  5.9516,
                            "AverageStateHashMilliseconds":  0.8618875,
                            "AverageAllocatedBytes":  4115.8,
                            "AverageCombatMilliseconds":  1.6497491666666684,
                            "AveragePathMilliseconds":  0.006765277777777777,
                            "AverageSteeringMilliseconds":  1.4214744444444432,
                            "AverageCollisionMilliseconds":  0.3181902777777781,
                            "AverageOtherMilliseconds":  0.214048611111111
                        }
                    ]
}
