{
    "CreatedAtUtc":  "2026-07-11T15:37:44.7712850Z",
    "Passed":  true,
    "Cases":  [
                  {
                      "Units":  256,
                      "MeasuredTicks":  360,
                      "Passed":  true,
                      "P95BudgetMilliseconds":  4,
                      "StateHashBudgetMilliseconds":  2,
                      "AllocationBudgetBytes":  1024,
                      "AverageTickMilliseconds":  1.0193172222222229,
                      "P95TickMilliseconds":  1.352,
                      "MaximumTickMilliseconds":  1.81,
                      "AverageStateHashMilliseconds":  1.2609,
                      "AverageAllocatedBytes":  27.2,
                      "AverageCombatMilliseconds":  0.00472416666666665,
                      "AveragePathMilliseconds":  0.00043305555555555496,
                      "AverageSteeringMilliseconds":  0.6228036111111112,
                      "AverageCollisionMilliseconds":  0.33146916666666676,
                      "AverageOtherMilliseconds":  0.059115277777777725
                  },
                  {
                      "Units":  512,
                      "MeasuredTicks":  360,
                      "Passed":  true,
                      "P95BudgetMilliseconds":  12.5,
                      "StateHashBudgetMilliseconds":  6.25,
                      "AllocationBudgetBytes":  1024,
                      "AverageTickMilliseconds":  4.556150555555553,
                      "P95TickMilliseconds":  6.2428,
                      "MaximumTickMilliseconds":  8.5792,
                      "AverageStateHashMilliseconds":  1.577375,
                      "AverageAllocatedBytes":  182.2,
                      "AverageCombatMilliseconds":  0.002877222222222224,
                      "AveragePathMilliseconds":  0.0016933333333333327,
                      "AverageSteeringMilliseconds":  3.5671033333333293,
                      "AverageCollisionMilliseconds":  0.8970566666666664,
                      "AverageOtherMilliseconds":  0.08671583333333337
                  },
                  {
                      "Units":  1000,
                      "MeasuredTicks":  360,
                      "Passed":  true,
                      "P95BudgetMilliseconds":  16.67,
                      "StateHashBudgetMilliseconds":  8.335,
                      "AllocationBudgetBytes":  1024,
                      "AverageTickMilliseconds":  7.745722777777778,
                      "P95TickMilliseconds":  9.3161,
                      "MaximumTickMilliseconds":  11.2635,
                      "AverageStateHashMilliseconds":  1.90384375,
                      "AverageAllocatedBytes":  461.15555555555557,
                      "AverageCombatMilliseconds":  0.004624166666666672,
                      "AveragePathMilliseconds":  0.002196944444444443,
                      "AverageSteeringMilliseconds":  5.807736388888892,
                      "AverageCollisionMilliseconds":  1.7884447222222213,
                      "AverageOtherMilliseconds":  0.1421369444444444
                  }
              ],
    "CombatCases":  [
                        {
                            "Units":  128,
                            "MeasuredTicks":  360,
                            "Passed":  true,
                            "P95BudgetMilliseconds":  4,
                            "StateHashBudgetMilliseconds":  2,
                            "AllocationBudgetBytes":  8192,
                            "AverageTickMilliseconds":  1.8437249999999987,
                            "P95TickMilliseconds":  2.6859,
                            "MaximumTickMilliseconds":  4.8623,
                            "AverageStateHashMilliseconds":  0.5015375,
                            "AverageAllocatedBytes":  2382.133333333333,
                            "AverageCombatMilliseconds":  0.6408811111111115,
                            "AveragePathMilliseconds":  0.006696388888888881,
                            "AverageSteeringMilliseconds":  0.8911124999999999,
                            "AverageCollisionMilliseconds":  0.17803944444444442,
                            "AverageOtherMilliseconds":  0.12632638888888897
                        },
                        {
                            "Units":  256,
                            "MeasuredTicks":  360,
                            "Passed":  true,
                            "P95BudgetMilliseconds":  8,
                            "StateHashBudgetMilliseconds":  4,
                            "AllocationBudgetBytes":  8192,
                            "AverageTickMilliseconds":  3.4378049999999956,
                            "P95TickMilliseconds":  4.5883,
                            "MaximumTickMilliseconds":  5.3588,
                            "AverageStateHashMilliseconds":  0.86745625,
                            "AverageAllocatedBytes":  4115.8,
                            "AverageCombatMilliseconds":  1.560265277777777,
                            "AveragePathMilliseconds":  0.00644027777777778,
                            "AverageSteeringMilliseconds":  1.3608366666666667,
                            "AverageCollisionMilliseconds":  0.3056802777777778,
                            "AverageOtherMilliseconds":  0.20408027777777762
                        }
                    ]
}
