{
    "CreatedAtUtc":  "2026-07-11T20:00:16.2983417Z",
    "Passed":  true,
    "Cases":  [
                  {
                      "Units":  256,
                      "MeasuredTicks":  360,
                      "Passed":  true,
                      "P95BudgetMilliseconds":  4,
                      "StateHashBudgetMilliseconds":  2,
                      "AllocationBudgetBytes":  1024,
                      "AverageTickMilliseconds":  1.3745113888888891,
                      "P95TickMilliseconds":  1.9886,
                      "MaximumTickMilliseconds":  9.4418,
                      "AverageStateHashMilliseconds":  1.36630625,
                      "AverageAllocatedBytes":  27.2,
                      "AverageCombatMilliseconds":  0.006940555555555523,
                      "AveragePathMilliseconds":  0.0006849999999999976,
                      "AverageSteeringMilliseconds":  0.8235188888888887,
                      "AverageCollisionMilliseconds":  0.4622277777777778,
                      "AverageOtherMilliseconds":  0.08013055555555554
                  },
                  {
                      "Units":  512,
                      "MeasuredTicks":  360,
                      "Passed":  true,
                      "P95BudgetMilliseconds":  12.5,
                      "StateHashBudgetMilliseconds":  6.25,
                      "AllocationBudgetBytes":  1024,
                      "AverageTickMilliseconds":  3.8531327777777777,
                      "P95TickMilliseconds":  5.1737,
                      "MaximumTickMilliseconds":  6.5901,
                      "AverageStateHashMilliseconds":  1.170175,
                      "AverageAllocatedBytes":  182.2,
                      "AverageCombatMilliseconds":  0.002472222222222219,
                      "AveragePathMilliseconds":  0.0008605555555555555,
                      "AverageSteeringMilliseconds":  3.0078525000000003,
                      "AverageCollisionMilliseconds":  0.7684655555555553,
                      "AverageOtherMilliseconds":  0.0729280555555556
                  },
                  {
                      "Units":  1000,
                      "MeasuredTicks":  360,
                      "Passed":  true,
                      "P95BudgetMilliseconds":  16.67,
                      "StateHashBudgetMilliseconds":  8.335,
                      "AllocationBudgetBytes":  1024,
                      "AverageTickMilliseconds":  6.6655472222222265,
                      "P95TickMilliseconds":  8.1658,
                      "MaximumTickMilliseconds":  10.4102,
                      "AverageStateHashMilliseconds":  1.509725,
                      "AverageAllocatedBytes":  461.15555555555557,
                      "AverageCombatMilliseconds":  0.003643611111111117,
                      "AveragePathMilliseconds":  0.001566388888888889,
                      "AverageSteeringMilliseconds":  4.9727775,
                      "AverageCollisionMilliseconds":  1.566827222222223,
                      "AverageOtherMilliseconds":  0.12014555555555562
                  }
              ],
    "CombatCases":  [
                        {
                            "Units":  128,
                            "MeasuredTicks":  360,
                            "Passed":  true,
                            "P95BudgetMilliseconds":  4,
                            "StateHashBudgetMilliseconds":  2,
                            "AllocationBudgetBytes":  8192,
                            "AverageTickMilliseconds":  1.230441111111111,
                            "P95TickMilliseconds":  1.5572,
                            "MaximumTickMilliseconds":  1.9694,
                            "AverageStateHashMilliseconds":  0.26171875,
                            "AverageAllocatedBytes":  2382.133333333333,
                            "AverageCombatMilliseconds":  0.41102333333333313,
                            "AveragePathMilliseconds":  0.002813055555555552,
                            "AverageSteeringMilliseconds":  0.6184055555555555,
                            "AverageCollisionMilliseconds":  0.12186777777777777,
                            "AverageOtherMilliseconds":  0.07594277777777778
                        },
                        {
                            "Units":  256,
                            "MeasuredTicks":  360,
                            "Passed":  true,
                            "P95BudgetMilliseconds":  8,
                            "StateHashBudgetMilliseconds":  4,
                            "AllocationBudgetBytes":  8192,
                            "AverageTickMilliseconds":  3.698485833333332,
                            "P95TickMilliseconds":  4.9933,
                            "MaximumTickMilliseconds":  6.1605,
                            "AverageStateHashMilliseconds":  0.70650625,
                            "AverageAllocatedBytes":  4115.8,
                            "AverageCombatMilliseconds":  1.696576666666667,
                            "AveragePathMilliseconds":  0.007741666666666665,
                            "AverageSteeringMilliseconds":  1.4419874999999998,
                            "AverageCollisionMilliseconds":  0.32709694444444437,
                            "AverageOtherMilliseconds":  0.22446305555555573
                        }
                    ]
}
