{
    "CreatedAtUtc":  "2026-07-11T12:50:01.4808274Z",
    "Passed":  true,
    "Cases":  [
                  {
                      "Units":  256,
                      "MeasuredTicks":  360,
                      "Passed":  true,
                      "P95BudgetMilliseconds":  4,
                      "StateHashBudgetMilliseconds":  2,
                      "AllocationBudgetBytes":  1024,
                      "AverageTickMilliseconds":  1.1325594444444447,
                      "P95TickMilliseconds":  1.642,
                      "MaximumTickMilliseconds":  2.2966,
                      "AverageStateHashMilliseconds":  1.31113125,
                      "AverageAllocatedBytes":  27.2,
                      "AverageCombatMilliseconds":  0.004519444444444457,
                      "AveragePathMilliseconds":  0.0006866666666666649,
                      "AverageSteeringMilliseconds":  0.702632777777777,
                      "AverageCollisionMilliseconds":  0.3708227777777777,
                      "AverageOtherMilliseconds":  0.0533688888888889
                  },
                  {
                      "Units":  512,
                      "MeasuredTicks":  360,
                      "Passed":  true,
                      "P95BudgetMilliseconds":  12.5,
                      "StateHashBudgetMilliseconds":  6.25,
                      "AllocationBudgetBytes":  1024,
                      "AverageTickMilliseconds":  3.8495602777777793,
                      "P95TickMilliseconds":  4.7139,
                      "MaximumTickMilliseconds":  9.6372,
                      "AverageStateHashMilliseconds":  1.47531875,
                      "AverageAllocatedBytes":  182.2,
                      "AverageCombatMilliseconds":  0.002491666666666671,
                      "AveragePathMilliseconds":  0.0011847222222222224,
                      "AverageSteeringMilliseconds":  2.9901791666666693,
                      "AverageCollisionMilliseconds":  0.7789977777777776,
                      "AverageOtherMilliseconds":  0.07615638888888887
                  },
                  {
                      "Units":  1000,
                      "MeasuredTicks":  360,
                      "Passed":  true,
                      "P95BudgetMilliseconds":  16.67,
                      "StateHashBudgetMilliseconds":  8.335,
                      "AllocationBudgetBytes":  1024,
                      "AverageTickMilliseconds":  8.10013333333333,
                      "P95TickMilliseconds":  11.8559,
                      "MaximumTickMilliseconds":  18.5632,
                      "AverageStateHashMilliseconds":  1.334,
                      "AverageAllocatedBytes":  461.15555555555557,
                      "AverageCombatMilliseconds":  0.005118611111111128,
                      "AveragePathMilliseconds":  0.0028380555555555533,
                      "AverageSteeringMilliseconds":  6.057536666666663,
                      "AverageCollisionMilliseconds":  1.8913608333333298,
                      "AverageOtherMilliseconds":  0.1426444444444444
                  }
              ],
    "CombatCases":  [
                        {
                            "Units":  128,
                            "MeasuredTicks":  360,
                            "Passed":  true,
                            "P95BudgetMilliseconds":  4,
                            "StateHashBudgetMilliseconds":  2,
                            "AllocationBudgetBytes":  8192,
                            "AverageTickMilliseconds":  1.290785555555555,
                            "P95TickMilliseconds":  1.7972,
                            "MaximumTickMilliseconds":  2.3154,
                            "AverageStateHashMilliseconds":  0.139875,
                            "AverageAllocatedBytes":  2382.133333333333,
                            "AverageCombatMilliseconds":  0.46513388888888885,
                            "AveragePathMilliseconds":  0.003460277777777771,
                            "AverageSteeringMilliseconds":  0.6705319444444445,
                            "AverageCollisionMilliseconds":  0.13341500000000003,
                            "AverageOtherMilliseconds":  0.017805277777777788
                        },
                        {
                            "Units":  256,
                            "MeasuredTicks":  360,
                            "Passed":  true,
                            "P95BudgetMilliseconds":  8,
                            "StateHashBudgetMilliseconds":  4,
                            "AllocationBudgetBytes":  8192,
                            "AverageTickMilliseconds":  3.5325605555555555,
                            "P95TickMilliseconds":  4.5731,
                            "MaximumTickMilliseconds":  4.9098,
                            "AverageStateHashMilliseconds":  0.67529375,
                            "AverageAllocatedBytes":  4115.8,
                            "AverageCombatMilliseconds":  1.7025836111111128,
                            "AveragePathMilliseconds":  0.00725611111111111,
                            "AverageSteeringMilliseconds":  1.449473055555557,
                            "AverageCollisionMilliseconds":  0.3279900000000002,
                            "AverageOtherMilliseconds":  0.04467222222222222
                        }
                    ]
}
