{
    "CreatedAtUtc":  "2026-07-11T18:19:45.7706543Z",
    "Passed":  true,
    "Cases":  [
                  {
                      "Units":  256,
                      "MeasuredTicks":  360,
                      "Passed":  true,
                      "P95BudgetMilliseconds":  4,
                      "StateHashBudgetMilliseconds":  2,
                      "AllocationBudgetBytes":  1024,
                      "AverageTickMilliseconds":  0.995715833333333,
                      "P95TickMilliseconds":  1.281,
                      "MaximumTickMilliseconds":  4.1588,
                      "AverageStateHashMilliseconds":  1.4401875,
                      "AverageAllocatedBytes":  27.2,
                      "AverageCombatMilliseconds":  0.006288055555555553,
                      "AveragePathMilliseconds":  0.0004286111111111111,
                      "AverageSteeringMilliseconds":  0.5650316666666674,
                      "AverageCollisionMilliseconds":  0.3349683333333333,
                      "AverageOtherMilliseconds":  0.08807888888888889
                  },
                  {
                      "Units":  512,
                      "MeasuredTicks":  360,
                      "Passed":  true,
                      "P95BudgetMilliseconds":  12.5,
                      "StateHashBudgetMilliseconds":  6.25,
                      "AllocationBudgetBytes":  1024,
                      "AverageTickMilliseconds":  3.550729722222223,
                      "P95TickMilliseconds":  4.4544,
                      "MaximumTickMilliseconds":  6.0851,
                      "AverageStateHashMilliseconds":  1.20901875,
                      "AverageAllocatedBytes":  182.2,
                      "AverageCombatMilliseconds":  0.002096111111111112,
                      "AveragePathMilliseconds":  0.0010505555555555554,
                      "AverageSteeringMilliseconds":  2.764851944444445,
                      "AverageCollisionMilliseconds":  0.7181288888888893,
                      "AverageOtherMilliseconds":  0.06415138888888886
                  },
                  {
                      "Units":  1000,
                      "MeasuredTicks":  360,
                      "Passed":  true,
                      "P95BudgetMilliseconds":  16.67,
                      "StateHashBudgetMilliseconds":  8.335,
                      "AllocationBudgetBytes":  1024,
                      "AverageTickMilliseconds":  7.141150555555555,
                      "P95TickMilliseconds":  9.0294,
                      "MaximumTickMilliseconds":  11.2622,
                      "AverageStateHashMilliseconds":  1.29268125,
                      "AverageAllocatedBytes":  461.15555555555557,
                      "AverageCombatMilliseconds":  0.003981944444444456,
                      "AveragePathMilliseconds":  0.001796111111111111,
                      "AverageSteeringMilliseconds":  5.34801888888889,
                      "AverageCollisionMilliseconds":  1.6578483333333338,
                      "AverageOtherMilliseconds":  0.12896749999999987
                  }
              ],
    "CombatCases":  [
                        {
                            "Units":  128,
                            "MeasuredTicks":  360,
                            "Passed":  true,
                            "P95BudgetMilliseconds":  4,
                            "StateHashBudgetMilliseconds":  2,
                            "AllocationBudgetBytes":  8192,
                            "AverageTickMilliseconds":  1.465901944444444,
                            "P95TickMilliseconds":  1.9958,
                            "MaximumTickMilliseconds":  2.7386,
                            "AverageStateHashMilliseconds":  0.328625,
                            "AverageAllocatedBytes":  2382.133333333333,
                            "AverageCombatMilliseconds":  0.4983011111111109,
                            "AveragePathMilliseconds":  0.0036816666666666634,
                            "AverageSteeringMilliseconds":  0.7254269444444444,
                            "AverageCollisionMilliseconds":  0.14196944444444448,
                            "AverageOtherMilliseconds":  0.09604583333333334
                        },
                        {
                            "Units":  256,
                            "MeasuredTicks":  360,
                            "Passed":  true,
                            "P95BudgetMilliseconds":  8,
                            "StateHashBudgetMilliseconds":  4,
                            "AllocationBudgetBytes":  8192,
                            "AverageTickMilliseconds":  3.8356727777777766,
                            "P95TickMilliseconds":  5.05,
                            "MaximumTickMilliseconds":  7.6013,
                            "AverageStateHashMilliseconds":  0.789125,
                            "AverageAllocatedBytes":  4115.8,
                            "AverageCombatMilliseconds":  1.789572222222223,
                            "AveragePathMilliseconds":  0.007930000000000001,
                            "AverageSteeringMilliseconds":  1.463338333333334,
                            "AverageCollisionMilliseconds":  0.3385891666666669,
                            "AverageOtherMilliseconds":  0.23566750000000009
                        }
                    ]
}
