{
    "CreatedAtUtc":  "2026-07-10T19:06:32.1092973Z",
    "Passed":  true,
    "Cases":  [
                  {
                      "Units":  256,
                      "MeasuredTicks":  360,
                      "Passed":  true,
                      "P95BudgetMilliseconds":  4,
                      "AllocationBudgetBytes":  1024,
                      "AverageTickMilliseconds":  1.0930133333333336,
                      "P95TickMilliseconds":  1.5008,
                      "MaximumTickMilliseconds":  3.6126,
                      "AverageAllocatedBytes":  27.2,
                      "AverageCombatMilliseconds":  0.004967500000000003,
                      "AveragePathMilliseconds":  0.00043888888888888835,
                      "AverageSteeringMilliseconds":  0.6782808333333327,
                      "AverageCollisionMilliseconds":  0.3458994444444445,
                      "AverageOtherMilliseconds":  0.06265833333333341
                  },
                  {
                      "Units":  512,
                      "MeasuredTicks":  360,
                      "Passed":  true,
                      "P95BudgetMilliseconds":  12.5,
                      "AllocationBudgetBytes":  1024,
                      "AverageTickMilliseconds":  3.9495730555555535,
                      "P95TickMilliseconds":  4.9533,
                      "MaximumTickMilliseconds":  6.2108,
                      "AverageAllocatedBytes":  182.2,
                      "AverageCombatMilliseconds":  0.0026444444444444445,
                      "AveragePathMilliseconds":  0.0011766666666666672,
                      "AverageSteeringMilliseconds":  3.1032502777777773,
                      "AverageCollisionMilliseconds":  0.7721819444444448,
                      "AverageOtherMilliseconds":  0.0697538888888889
                  },
                  {
                      "Units":  1000,
                      "MeasuredTicks":  360,
                      "Passed":  true,
                      "P95BudgetMilliseconds":  16.67,
                      "AllocationBudgetBytes":  1024,
                      "AverageTickMilliseconds":  7.472117222222227,
                      "P95TickMilliseconds":  9.1735,
                      "MaximumTickMilliseconds":  11.6174,
                      "AverageAllocatedBytes":  461.15555555555557,
                      "AverageCombatMilliseconds":  0.00436972222222224,
                      "AveragePathMilliseconds":  0.0020588888888888887,
                      "AverageSteeringMilliseconds":  5.636393333333335,
                      "AverageCollisionMilliseconds":  1.708028055555556,
                      "AverageOtherMilliseconds":  0.12069250000000002
                  }
              ],
    "CombatCases":  [
                        {
                            "Units":  128,
                            "MeasuredTicks":  360,
                            "Passed":  true,
                            "P95BudgetMilliseconds":  4,
                            "AllocationBudgetBytes":  8192,
                            "AverageTickMilliseconds":  1.4344816666666673,
                            "P95TickMilliseconds":  1.8793,
                            "MaximumTickMilliseconds":  2.6284,
                            "AverageAllocatedBytes":  2352.8,
                            "AverageCombatMilliseconds":  0.5430924999999993,
                            "AveragePathMilliseconds":  0.004119166666666666,
                            "AverageSteeringMilliseconds":  0.7250644444444444,
                            "AverageCollisionMilliseconds":  0.14278500000000005,
                            "AverageOtherMilliseconds":  0.01900194444444445
                        },
                        {
                            "Units":  256,
                            "MeasuredTicks":  360,
                            "Passed":  true,
                            "P95BudgetMilliseconds":  8,
                            "AllocationBudgetBytes":  8192,
                            "AverageTickMilliseconds":  3.1858161111111136,
                            "P95TickMilliseconds":  3.9885,
                            "MaximumTickMilliseconds":  6.1632,
                            "AverageAllocatedBytes":  4115.8,
                            "AverageCombatMilliseconds":  1.4159469444444444,
                            "AveragePathMilliseconds":  0.007211111111111112,
                            "AverageSteeringMilliseconds":  1.4046805555555548,
                            "AverageCollisionMilliseconds":  0.31748583333333347,
                            "AverageOtherMilliseconds":  0.04002500000000005
                        }
                    ]
}
