{
    "CreatedAtUtc":  "2026-07-11T19:41:27.7359055Z",
    "Passed":  true,
    "Cases":  [
                  {
                      "Units":  256,
                      "MeasuredTicks":  360,
                      "Passed":  true,
                      "P95BudgetMilliseconds":  4,
                      "StateHashBudgetMilliseconds":  2,
                      "AllocationBudgetBytes":  1024,
                      "AverageTickMilliseconds":  1.1901647222222211,
                      "P95TickMilliseconds":  1.7285,
                      "MaximumTickMilliseconds":  7.4455,
                      "AverageStateHashMilliseconds":  1.0584875,
                      "AverageAllocatedBytes":  27.2,
                      "AverageCombatMilliseconds":  0.007385833333333322,
                      "AveragePathMilliseconds":  0.0008249999999999983,
                      "AverageSteeringMilliseconds":  0.6983022222222217,
                      "AverageCollisionMilliseconds":  0.38443083333333306,
                      "AverageOtherMilliseconds":  0.09747305555555554
                  },
                  {
                      "Units":  512,
                      "MeasuredTicks":  360,
                      "Passed":  true,
                      "P95BudgetMilliseconds":  12.5,
                      "StateHashBudgetMilliseconds":  6.25,
                      "AllocationBudgetBytes":  1024,
                      "AverageTickMilliseconds":  3.804277500000005,
                      "P95TickMilliseconds":  4.7134,
                      "MaximumTickMilliseconds":  5.9463,
                      "AverageStateHashMilliseconds":  1.4427875,
                      "AverageAllocatedBytes":  182.2,
                      "AverageCombatMilliseconds":  0.0025100000000000057,
                      "AveragePathMilliseconds":  0.0012174999999999998,
                      "AverageSteeringMilliseconds":  2.9601852777777764,
                      "AverageCollisionMilliseconds":  0.7649269444444449,
                      "AverageOtherMilliseconds":  0.07488305555555552
                  },
                  {
                      "Units":  1000,
                      "MeasuredTicks":  360,
                      "Passed":  true,
                      "P95BudgetMilliseconds":  16.67,
                      "StateHashBudgetMilliseconds":  8.335,
                      "AllocationBudgetBytes":  1024,
                      "AverageTickMilliseconds":  7.3846838888889,
                      "P95TickMilliseconds":  9.2496,
                      "MaximumTickMilliseconds":  12.8095,
                      "AverageStateHashMilliseconds":  1.5072375,
                      "AverageAllocatedBytes":  461.15555555555557,
                      "AverageCombatMilliseconds":  0.0040372222222222354,
                      "AveragePathMilliseconds":  0.001981111111111111,
                      "AverageSteeringMilliseconds":  5.541833333333337,
                      "AverageCollisionMilliseconds":  1.7036097222222224,
                      "AverageOtherMilliseconds":  0.13262111111111116
                  }
              ],
    "CombatCases":  [
                        {
                            "Units":  128,
                            "MeasuredTicks":  360,
                            "Passed":  true,
                            "P95BudgetMilliseconds":  4,
                            "StateHashBudgetMilliseconds":  2,
                            "AllocationBudgetBytes":  8192,
                            "AverageTickMilliseconds":  1.4812955555555558,
                            "P95TickMilliseconds":  1.9406,
                            "MaximumTickMilliseconds":  2.5006,
                            "AverageStateHashMilliseconds":  0.44065,
                            "AverageAllocatedBytes":  2382.133333333333,
                            "AverageCombatMilliseconds":  0.5009780555555554,
                            "AveragePathMilliseconds":  0.004084166666666662,
                            "AverageSteeringMilliseconds":  0.7310136111111112,
                            "AverageCollisionMilliseconds":  0.14492944444444444,
                            "AverageOtherMilliseconds":  0.09980250000000003
                        },
                        {
                            "Units":  256,
                            "MeasuredTicks":  360,
                            "Passed":  true,
                            "P95BudgetMilliseconds":  8,
                            "StateHashBudgetMilliseconds":  4,
                            "AllocationBudgetBytes":  8192,
                            "AverageTickMilliseconds":  3.6987841666666657,
                            "P95TickMilliseconds":  4.9784,
                            "MaximumTickMilliseconds":  6.1225,
                            "AverageStateHashMilliseconds":  0.83700625,
                            "AverageAllocatedBytes":  4115.8,
                            "AverageCombatMilliseconds":  1.6730447222222233,
                            "AveragePathMilliseconds":  0.007725277777777779,
                            "AverageSteeringMilliseconds":  1.466647222222222,
                            "AverageCollisionMilliseconds":  0.3274655555555555,
                            "AverageOtherMilliseconds":  0.22327750000000013
                        }
                    ]
}
