{
    "CreatedAtUtc":  "2026-07-11T07:19:43.1364291Z",
    "Passed":  true,
    "Cases":  [
                  {
                      "Units":  256,
                      "MeasuredTicks":  360,
                      "Passed":  true,
                      "P95BudgetMilliseconds":  4,
                      "StateHashBudgetMilliseconds":  2,
                      "AllocationBudgetBytes":  1024,
                      "AverageTickMilliseconds":  1.0149250000000005,
                      "P95TickMilliseconds":  1.3565,
                      "MaximumTickMilliseconds":  1.9713,
                      "AverageStateHashMilliseconds":  0.96666875,
                      "AverageAllocatedBytes":  27.2,
                      "AverageCombatMilliseconds":  0.006069444444444437,
                      "AveragePathMilliseconds":  0.0005624999999999982,
                      "AverageSteeringMilliseconds":  0.6315875000000004,
                      "AverageCollisionMilliseconds":  0.3314605555555559,
                      "AverageOtherMilliseconds":  0.044838055555555555
                  },
                  {
                      "Units":  512,
                      "MeasuredTicks":  360,
                      "Passed":  true,
                      "P95BudgetMilliseconds":  12.5,
                      "StateHashBudgetMilliseconds":  6.25,
                      "AllocationBudgetBytes":  1024,
                      "AverageTickMilliseconds":  4.301357777777779,
                      "P95TickMilliseconds":  5.473,
                      "MaximumTickMilliseconds":  7.3901,
                      "AverageStateHashMilliseconds":  1.5580625,
                      "AverageAllocatedBytes":  182.2,
                      "AverageCombatMilliseconds":  0.0033211111111111076,
                      "AveragePathMilliseconds":  0.0014480555555555546,
                      "AverageSteeringMilliseconds":  3.3678219444444464,
                      "AverageCollisionMilliseconds":  0.8503102777777778,
                      "AverageOtherMilliseconds":  0.07780888888888894
                  },
                  {
                      "Units":  1000,
                      "MeasuredTicks":  360,
                      "Passed":  true,
                      "P95BudgetMilliseconds":  16.67,
                      "StateHashBudgetMilliseconds":  8.335,
                      "AllocationBudgetBytes":  1024,
                      "AverageTickMilliseconds":  7.9922422222222265,
                      "P95TickMilliseconds":  9.7828,
                      "MaximumTickMilliseconds":  11.2766,
                      "AverageStateHashMilliseconds":  1.6366875,
                      "AverageAllocatedBytes":  461.15555555555557,
                      "AverageCombatMilliseconds":  0.005452222222222226,
                      "AveragePathMilliseconds":  0.00209388888888889,
                      "AverageSteeringMilliseconds":  6.030471944444445,
                      "AverageCollisionMilliseconds":  1.8141622222222227,
                      "AverageOtherMilliseconds":  0.13940805555555555
                  }
              ],
    "CombatCases":  [
                        {
                            "Units":  128,
                            "MeasuredTicks":  360,
                            "Passed":  true,
                            "P95BudgetMilliseconds":  4,
                            "StateHashBudgetMilliseconds":  2,
                            "AllocationBudgetBytes":  8192,
                            "AverageTickMilliseconds":  1.6489933333333338,
                            "P95TickMilliseconds":  2.2046,
                            "MaximumTickMilliseconds":  5.8168,
                            "AverageStateHashMilliseconds":  0.1947875,
                            "AverageAllocatedBytes":  2382.133333333333,
                            "AverageCombatMilliseconds":  0.6031466666666669,
                            "AveragePathMilliseconds":  0.0058874999999999995,
                            "AverageSteeringMilliseconds":  0.8462563888888893,
                            "AverageCollisionMilliseconds":  0.1644072222222222,
                            "AverageOtherMilliseconds":  0.028613055555555548
                        },
                        {
                            "Units":  256,
                            "MeasuredTicks":  360,
                            "Passed":  true,
                            "P95BudgetMilliseconds":  8,
                            "StateHashBudgetMilliseconds":  4,
                            "AllocationBudgetBytes":  8192,
                            "AverageTickMilliseconds":  4.1105830555555585,
                            "P95TickMilliseconds":  5.6946,
                            "MaximumTickMilliseconds":  8.0446,
                            "AverageStateHashMilliseconds":  0.82866875,
                            "AverageAllocatedBytes":  4115.8,
                            "AverageCombatMilliseconds":  1.9977966666666662,
                            "AveragePathMilliseconds":  0.009472777777777781,
                            "AverageSteeringMilliseconds":  1.6722011111111104,
                            "AverageCollisionMilliseconds":  0.37209666666666646,
                            "AverageOtherMilliseconds":  0.058173055555555554
                        }
                    ]
}
