{
    "CreatedAtUtc":  "2026-07-10T11:49:43.3789329Z",
    "Passed":  true,
    "Cases":  [
                  {
                      "Units":  256,
                      "MeasuredTicks":  360,
                      "Passed":  true,
                      "P95BudgetMilliseconds":  4,
                      "AllocationBudgetBytes":  1024,
                      "AverageTickMilliseconds":  1.0661963888888886,
                      "P95TickMilliseconds":  1.4275,
                      "MaximumTickMilliseconds":  2.1549,
                      "AverageAllocatedBytes":  27.2,
                      "AveragePathMilliseconds":  0.0005613888888888881,
                      "AverageSteeringMilliseconds":  0.6628875,
                      "AverageCollisionMilliseconds":  0.3530013888888887,
                      "AverageOtherMilliseconds":  0.048819999999999995
                  },
                  {
                      "Units":  512,
                      "MeasuredTicks":  360,
                      "Passed":  true,
                      "P95BudgetMilliseconds":  12.5,
                      "AllocationBudgetBytes":  1024,
                      "AverageTickMilliseconds":  4.197991944444449,
                      "P95TickMilliseconds":  5.7013,
                      "MaximumTickMilliseconds":  14.2621,
                      "AverageAllocatedBytes":  182.2,
                      "AveragePathMilliseconds":  0.0012780555555555575,
                      "AverageSteeringMilliseconds":  3.3249769444444395,
                      "AverageCollisionMilliseconds":  0.8075236111111115,
                      "AverageOtherMilliseconds":  0.06367527777777779
                  },
                  {
                      "Units":  1000,
                      "MeasuredTicks":  360,
                      "Passed":  true,
                      "P95BudgetMilliseconds":  16.67,
                      "AllocationBudgetBytes":  1024,
                      "AverageTickMilliseconds":  9.06042777777778,
                      "P95TickMilliseconds":  11.9638,
                      "MaximumTickMilliseconds":  20.3714,
                      "AverageAllocatedBytes":  461.15555555555557,
                      "AveragePathMilliseconds":  0.002637222222222223,
                      "AverageSteeringMilliseconds":  6.903107222222223,
                      "AverageCollisionMilliseconds":  2.0235366666666676,
                      "AverageOtherMilliseconds":  0.13034444444444448
                  }
              ]
}
