{
    "CreatedAtUtc":  "2026-07-11T09:41:24.9503631Z",
    "Passed":  true,
    "Cases":  [
                  {
                      "Units":  256,
                      "MeasuredTicks":  360,
                      "Passed":  true,
                      "P95BudgetMilliseconds":  4,
                      "StateHashBudgetMilliseconds":  2,
                      "AllocationBudgetBytes":  1024,
                      "AverageTickMilliseconds":  1.0209694444444453,
                      "P95TickMilliseconds":  1.3691,
                      "MaximumTickMilliseconds":  1.9517,
                      "AverageStateHashMilliseconds":  0.79445625,
                      "AverageAllocatedBytes":  27.2,
                      "AverageCombatMilliseconds":  0.00544138888888887,
                      "AveragePathMilliseconds":  0.0003983333333333335,
                      "AverageSteeringMilliseconds":  0.6317786111111116,
                      "AverageCollisionMilliseconds":  0.3279227777777776,
                      "AverageOtherMilliseconds":  0.054628333333333334
                  },
                  {
                      "Units":  512,
                      "MeasuredTicks":  360,
                      "Passed":  true,
                      "P95BudgetMilliseconds":  12.5,
                      "StateHashBudgetMilliseconds":  6.25,
                      "AllocationBudgetBytes":  1024,
                      "AverageTickMilliseconds":  3.680687499999996,
                      "P95TickMilliseconds":  4.6308,
                      "MaximumTickMilliseconds":  6.3708,
                      "AverageStateHashMilliseconds":  1.8735625,
                      "AverageAllocatedBytes":  182.2,
                      "AverageCombatMilliseconds":  0.002439166666666671,
                      "AveragePathMilliseconds":  0.0011161111111111118,
                      "AverageSteeringMilliseconds":  2.8665550000000013,
                      "AverageCollisionMilliseconds":  0.7409449999999997,
                      "AverageOtherMilliseconds":  0.06913249999999997
                  },
                  {
                      "Units":  1000,
                      "MeasuredTicks":  360,
                      "Passed":  true,
                      "P95BudgetMilliseconds":  16.67,
                      "StateHashBudgetMilliseconds":  8.335,
                      "AllocationBudgetBytes":  1024,
                      "AverageTickMilliseconds":  7.163405277777781,
                      "P95TickMilliseconds":  8.5995,
                      "MaximumTickMilliseconds":  10.2606,
                      "AverageStateHashMilliseconds":  1.3045,
                      "AverageAllocatedBytes":  461.15555555555557,
                      "AverageCombatMilliseconds":  0.004336111111111127,
                      "AveragePathMilliseconds":  0.0020605555555555577,
                      "AverageSteeringMilliseconds":  5.3830199999999975,
                      "AverageCollisionMilliseconds":  1.648671666666667,
                      "AverageOtherMilliseconds":  0.12477833333333328
                  }
              ],
    "CombatCases":  [
                        {
                            "Units":  128,
                            "MeasuredTicks":  360,
                            "Passed":  true,
                            "P95BudgetMilliseconds":  4,
                            "StateHashBudgetMilliseconds":  2,
                            "AllocationBudgetBytes":  8192,
                            "AverageTickMilliseconds":  1.2994400000000008,
                            "P95TickMilliseconds":  1.8098,
                            "MaximumTickMilliseconds":  2.1916,
                            "AverageStateHashMilliseconds":  0.14475625,
                            "AverageAllocatedBytes":  2382.133333333333,
                            "AverageCombatMilliseconds":  0.47410694444444407,
                            "AveragePathMilliseconds":  0.0034141666666666626,
                            "AverageSteeringMilliseconds":  0.6726738888888886,
                            "AverageCollisionMilliseconds":  0.13148750000000012,
                            "AverageOtherMilliseconds":  0.017314722222222217
                        },
                        {
                            "Units":  256,
                            "MeasuredTicks":  360,
                            "Passed":  true,
                            "P95BudgetMilliseconds":  8,
                            "StateHashBudgetMilliseconds":  4,
                            "AllocationBudgetBytes":  8192,
                            "AverageTickMilliseconds":  3.8354874999999993,
                            "P95TickMilliseconds":  5.5211,
                            "MaximumTickMilliseconds":  8.9378,
                            "AverageStateHashMilliseconds":  0.95708125,
                            "AverageAllocatedBytes":  4115.8,
                            "AverageCombatMilliseconds":  1.8558908333333326,
                            "AveragePathMilliseconds":  0.008613888888888893,
                            "AverageSteeringMilliseconds":  1.5684377777777776,
                            "AverageCollisionMilliseconds":  0.3486027777777779,
                            "AverageOtherMilliseconds":  0.0533075
                        }
                    ]
}
