{
    "CreatedAtUtc":  "2026-07-10T19:35:13.0787650Z",
    "Passed":  true,
    "Cases":  [
                  {
                      "Units":  256,
                      "MeasuredTicks":  360,
                      "Passed":  true,
                      "P95BudgetMilliseconds":  4,
                      "AllocationBudgetBytes":  1024,
                      "AverageTickMilliseconds":  1.0142158333333333,
                      "P95TickMilliseconds":  1.3226,
                      "MaximumTickMilliseconds":  2.0531,
                      "AverageAllocatedBytes":  27.2,
                      "AverageCombatMilliseconds":  0.004267499999999995,
                      "AveragePathMilliseconds":  0.00045833333333333235,
                      "AverageSteeringMilliseconds":  0.635179722222222,
                      "AverageCollisionMilliseconds":  0.3231763888888889,
                      "AverageOtherMilliseconds":  0.050395277777777754
                  },
                  {
                      "Units":  512,
                      "MeasuredTicks":  360,
                      "Passed":  true,
                      "P95BudgetMilliseconds":  12.5,
                      "AllocationBudgetBytes":  1024,
                      "AverageTickMilliseconds":  3.9055819444444446,
                      "P95TickMilliseconds":  4.8451,
                      "MaximumTickMilliseconds":  5.865,
                      "AverageAllocatedBytes":  182.2,
                      "AverageCombatMilliseconds":  0.002712499999999999,
                      "AveragePathMilliseconds":  0.0010549999999999995,
                      "AverageSteeringMilliseconds":  3.0674938888888885,
                      "AverageCollisionMilliseconds":  0.7650197222222226,
                      "AverageOtherMilliseconds":  0.06875527777777772
                  },
                  {
                      "Units":  1000,
                      "MeasuredTicks":  360,
                      "Passed":  true,
                      "P95BudgetMilliseconds":  16.67,
                      "AllocationBudgetBytes":  1024,
                      "AverageTickMilliseconds":  8.030850833333334,
                      "P95TickMilliseconds":  10.1225,
                      "MaximumTickMilliseconds":  12.3651,
                      "AverageAllocatedBytes":  461.15555555555557,
                      "AverageCombatMilliseconds":  0.004835833333333344,
                      "AveragePathMilliseconds":  0.00208138888888889,
                      "AverageSteeringMilliseconds":  6.062348333333333,
                      "AverageCollisionMilliseconds":  1.8209655555555562,
                      "AverageOtherMilliseconds":  0.13997583333333338
                  }
              ],
    "CombatCases":  [
                        {
                            "Units":  128,
                            "MeasuredTicks":  360,
                            "Passed":  true,
                            "P95BudgetMilliseconds":  4,
                            "AllocationBudgetBytes":  8192,
                            "AverageTickMilliseconds":  1.377698888888889,
                            "P95TickMilliseconds":  1.9338,
                            "MaximumTickMilliseconds":  2.7113,
                            "AverageAllocatedBytes":  2382.133333333333,
                            "AverageCombatMilliseconds":  0.48780333333333337,
                            "AveragePathMilliseconds":  0.0037908333333333297,
                            "AverageSteeringMilliseconds":  0.7299408333333335,
                            "AverageCollisionMilliseconds":  0.13720111111111113,
                            "AverageOtherMilliseconds":  0.01853805555555554
                        },
                        {
                            "Units":  256,
                            "MeasuredTicks":  360,
                            "Passed":  true,
                            "P95BudgetMilliseconds":  8,
                            "AllocationBudgetBytes":  8192,
                            "AverageTickMilliseconds":  3.6874508333333376,
                            "P95TickMilliseconds":  4.8283,
                            "MaximumTickMilliseconds":  5.3647,
                            "AverageAllocatedBytes":  4115.8,
                            "AverageCombatMilliseconds":  1.766319166666667,
                            "AveragePathMilliseconds":  0.008092499999999992,
                            "AverageSteeringMilliseconds":  1.528366944444445,
                            "AverageCollisionMilliseconds":  0.33506444444444455,
                            "AverageOtherMilliseconds":  0.049030555555555584
                        }
                    ]
}
