{
    "CreatedAtUtc":  "2026-07-11T11:48:08.2672580Z",
    "Passed":  true,
    "Cases":  [
                  {
                      "Units":  256,
                      "MeasuredTicks":  360,
                      "Passed":  true,
                      "P95BudgetMilliseconds":  4,
                      "StateHashBudgetMilliseconds":  2,
                      "AllocationBudgetBytes":  1024,
                      "AverageTickMilliseconds":  1.5332944444444456,
                      "P95TickMilliseconds":  3.5011,
                      "MaximumTickMilliseconds":  6.6979,
                      "AverageStateHashMilliseconds":  1.128675,
                      "AverageAllocatedBytes":  27.2,
                      "AverageCombatMilliseconds":  0.004503888888888889,
                      "AveragePathMilliseconds":  0.000639166666666663,
                      "AverageSteeringMilliseconds":  1.0325863888888889,
                      "AverageCollisionMilliseconds":  0.4072450000000002,
                      "AverageOtherMilliseconds":  0.08711833333333334
                  },
                  {
                      "Units":  512,
                      "MeasuredTicks":  360,
                      "Passed":  true,
                      "P95BudgetMilliseconds":  12.5,
                      "StateHashBudgetMilliseconds":  6.25,
                      "AllocationBudgetBytes":  1024,
                      "AverageTickMilliseconds":  4.119700833333336,
                      "P95TickMilliseconds":  5.6606,
                      "MaximumTickMilliseconds":  11.6274,
                      "AverageStateHashMilliseconds":  2.897575,
                      "AverageAllocatedBytes":  182.2,
                      "AverageCombatMilliseconds":  0.00271972222222222,
                      "AveragePathMilliseconds":  0.0022613888888888866,
                      "AverageSteeringMilliseconds":  3.2142769444444443,
                      "AverageCollisionMilliseconds":  0.8226813888888892,
                      "AverageOtherMilliseconds":  0.0772380555555555
                  },
                  {
                      "Units":  1000,
                      "MeasuredTicks":  360,
                      "Passed":  true,
                      "P95BudgetMilliseconds":  16.67,
                      "StateHashBudgetMilliseconds":  8.335,
                      "AllocationBudgetBytes":  1024,
                      "AverageTickMilliseconds":  7.163406111111107,
                      "P95TickMilliseconds":  8.8161,
                      "MaximumTickMilliseconds":  10.2489,
                      "AverageStateHashMilliseconds":  1.2241875,
                      "AverageAllocatedBytes":  461.15555555555557,
                      "AverageCombatMilliseconds":  0.004136944444444459,
                      "AveragePathMilliseconds":  0.0018119444444444455,
                      "AverageSteeringMilliseconds":  5.381224722222224,
                      "AverageCollisionMilliseconds":  1.6502555555555543,
                      "AverageOtherMilliseconds":  0.1254591666666667
                  }
              ],
    "CombatCases":  [
                        {
                            "Units":  128,
                            "MeasuredTicks":  360,
                            "Passed":  true,
                            "P95BudgetMilliseconds":  4,
                            "StateHashBudgetMilliseconds":  2,
                            "AllocationBudgetBytes":  8192,
                            "AverageTickMilliseconds":  1.340019444444444,
                            "P95TickMilliseconds":  2.3925,
                            "MaximumTickMilliseconds":  2.8889,
                            "AverageStateHashMilliseconds":  0.1500625,
                            "AverageAllocatedBytes":  2382.133333333333,
                            "AverageCombatMilliseconds":  0.5209602777777779,
                            "AveragePathMilliseconds":  0.003206388888888885,
                            "AverageSteeringMilliseconds":  0.6680677777777778,
                            "AverageCollisionMilliseconds":  0.13001388888888898,
                            "AverageOtherMilliseconds":  0.017352222222222234
                        },
                        {
                            "Units":  256,
                            "MeasuredTicks":  360,
                            "Passed":  true,
                            "P95BudgetMilliseconds":  8,
                            "StateHashBudgetMilliseconds":  4,
                            "AllocationBudgetBytes":  8192,
                            "AverageTickMilliseconds":  3.654662777777778,
                            "P95TickMilliseconds":  5.0433,
                            "MaximumTickMilliseconds":  6.7292,
                            "AverageStateHashMilliseconds":  1.0192875,
                            "AverageAllocatedBytes":  4115.8,
                            "AverageCombatMilliseconds":  1.7649780555555554,
                            "AveragePathMilliseconds":  0.008080277777777771,
                            "AverageSteeringMilliseconds":  1.4950722222222235,
                            "AverageCollisionMilliseconds":  0.3337911111111112,
                            "AverageOtherMilliseconds":  0.05080361111111113
                        }
                    ]
}
