{
    "CreatedAtUtc":  "2026-07-10T18:25:20.2909327Z",
    "Passed":  true,
    "Cases":  [
                  {
                      "Units":  256,
                      "MeasuredTicks":  360,
                      "Passed":  true,
                      "P95BudgetMilliseconds":  4,
                      "AllocationBudgetBytes":  1024,
                      "AverageTickMilliseconds":  1.0893494444444445,
                      "P95TickMilliseconds":  1.4393,
                      "MaximumTickMilliseconds":  5.6498,
                      "AverageAllocatedBytes":  27.2,
                      "AveragePathMilliseconds":  0.00042277777777777854,
                      "AverageSteeringMilliseconds":  0.6637658333333329,
                      "AverageCollisionMilliseconds":  0.36383638888888886,
                      "AverageOtherMilliseconds":  0.05653583333333337
                  },
                  {
                      "Units":  512,
                      "MeasuredTicks":  360,
                      "Passed":  true,
                      "P95BudgetMilliseconds":  12.5,
                      "AllocationBudgetBytes":  1024,
                      "AverageTickMilliseconds":  4.666625555555554,
                      "P95TickMilliseconds":  6.2734,
                      "MaximumTickMilliseconds":  8.6352,
                      "AverageAllocatedBytes":  182.2,
                      "AveragePathMilliseconds":  0.0011911111111111115,
                      "AverageSteeringMilliseconds":  3.648342222222217,
                      "AverageCollisionMilliseconds":  0.9338991666666666,
                      "AverageOtherMilliseconds":  0.07880555555555555
                  },
                  {
                      "Units":  1000,
                      "MeasuredTicks":  360,
                      "Passed":  true,
                      "P95BudgetMilliseconds":  16.67,
                      "AllocationBudgetBytes":  1024,
                      "AverageTickMilliseconds":  7.886728611111112,
                      "P95TickMilliseconds":  9.244,
                      "MaximumTickMilliseconds":  11.2275,
                      "AverageAllocatedBytes":  461.15555555555557,
                      "AveragePathMilliseconds":  0.0023422222222222225,
                      "AverageSteeringMilliseconds":  5.952151111111113,
                      "AverageCollisionMilliseconds":  1.7964444444444454,
                      "AverageOtherMilliseconds":  0.13064472222222218
                  }
              ]
}
