{
    "CreatedAtUtc":  "2026-07-11T13:13:27.1515140Z",
    "Passed":  true,
    "Cases":  [
                  {
                      "Units":  256,
                      "MeasuredTicks":  360,
                      "Passed":  true,
                      "P95BudgetMilliseconds":  4,
                      "StateHashBudgetMilliseconds":  2,
                      "AllocationBudgetBytes":  1024,
                      "AverageTickMilliseconds":  1.0927630555555548,
                      "P95TickMilliseconds":  1.6001,
                      "MaximumTickMilliseconds":  5.9118,
                      "AverageStateHashMilliseconds":  0.9843,
                      "AverageAllocatedBytes":  27.2,
                      "AverageCombatMilliseconds":  0.005369722222222216,
                      "AveragePathMilliseconds":  0.00048777777777777773,
                      "AverageSteeringMilliseconds":  0.6024800000000001,
                      "AverageCollisionMilliseconds":  0.3811505555555555,
                      "AverageOtherMilliseconds":  0.10212750000000007
                  },
                  {
                      "Units":  512,
                      "MeasuredTicks":  360,
                      "Passed":  true,
                      "P95BudgetMilliseconds":  12.5,
                      "StateHashBudgetMilliseconds":  6.25,
                      "AllocationBudgetBytes":  1024,
                      "AverageTickMilliseconds":  4.6002044444444445,
                      "P95TickMilliseconds":  7.1663,
                      "MaximumTickMilliseconds":  16.7753,
                      "AverageStateHashMilliseconds":  1.3131875,
                      "AverageAllocatedBytes":  182.2,
                      "AverageCombatMilliseconds":  0.00391583333333334,
                      "AveragePathMilliseconds":  0.0012063888888888888,
                      "AverageSteeringMilliseconds":  3.608743055555556,
                      "AverageCollisionMilliseconds":  0.9014005555555556,
                      "AverageOtherMilliseconds":  0.08423083333333344
                  },
                  {
                      "Units":  1000,
                      "MeasuredTicks":  360,
                      "Passed":  true,
                      "P95BudgetMilliseconds":  16.67,
                      "StateHashBudgetMilliseconds":  8.335,
                      "AllocationBudgetBytes":  1024,
                      "AverageTickMilliseconds":  6.724777777777777,
                      "P95TickMilliseconds":  8.2564,
                      "MaximumTickMilliseconds":  9.3338,
                      "AverageStateHashMilliseconds":  1.2729,
                      "AverageAllocatedBytes":  461.15555555555557,
                      "AverageCombatMilliseconds":  0.0038380555555555607,
                      "AveragePathMilliseconds":  0.0015077777777777782,
                      "AverageSteeringMilliseconds":  5.039587777777774,
                      "AverageCollisionMilliseconds":  1.563724722222223,
                      "AverageOtherMilliseconds":  0.11566972222222224
                  }
              ],
    "CombatCases":  [
                        {
                            "Units":  128,
                            "MeasuredTicks":  360,
                            "Passed":  true,
                            "P95BudgetMilliseconds":  4,
                            "StateHashBudgetMilliseconds":  2,
                            "AllocationBudgetBytes":  8192,
                            "AverageTickMilliseconds":  1.4449816666666664,
                            "P95TickMilliseconds":  2.7455,
                            "MaximumTickMilliseconds":  4.2765,
                            "AverageStateHashMilliseconds":  0.14453125,
                            "AverageAllocatedBytes":  2382.133333333333,
                            "AverageCombatMilliseconds":  0.6579591666666668,
                            "AveragePathMilliseconds":  0.0031061111111111077,
                            "AverageSteeringMilliseconds":  0.6413966666666665,
                            "AverageCollisionMilliseconds":  0.12584166666666688,
                            "AverageOtherMilliseconds":  0.01625666666666665
                        },
                        {
                            "Units":  256,
                            "MeasuredTicks":  360,
                            "Passed":  true,
                            "P95BudgetMilliseconds":  8,
                            "StateHashBudgetMilliseconds":  4,
                            "AllocationBudgetBytes":  8192,
                            "AverageTickMilliseconds":  3.072948611111114,
                            "P95TickMilliseconds":  3.8271,
                            "MaximumTickMilliseconds":  4.6951,
                            "AverageStateHashMilliseconds":  0.6798375,
                            "AverageAllocatedBytes":  4115.8,
                            "AverageCombatMilliseconds":  1.4519822222222212,
                            "AveragePathMilliseconds":  0.005535833333333331,
                            "AverageSteeringMilliseconds":  1.2865977777777773,
                            "AverageCollisionMilliseconds":  0.2931333333333334,
                            "AverageOtherMilliseconds":  0.035141944444444434
                        }
                    ]
}
