{
    "CreatedAtUtc":  "2026-07-11T04:28:34.9347844Z",
    "Passed":  true,
    "Cases":  [
                  {
                      "Units":  256,
                      "MeasuredTicks":  360,
                      "Passed":  true,
                      "P95BudgetMilliseconds":  4,
                      "StateHashBudgetMilliseconds":  2,
                      "AllocationBudgetBytes":  1024,
                      "AverageTickMilliseconds":  0.9798088888888875,
                      "P95TickMilliseconds":  1.1988,
                      "MaximumTickMilliseconds":  4.6905,
                      "AverageStateHashMilliseconds":  0.8455375,
                      "AverageAllocatedBytes":  27.2,
                      "AverageCombatMilliseconds":  0.004855833333333325,
                      "AveragePathMilliseconds":  0.0003650000000000005,
                      "AverageSteeringMilliseconds":  0.5426472222222217,
                      "AverageCollisionMilliseconds":  0.3431016666666666,
                      "AverageOtherMilliseconds":  0.08803916666666664
                  },
                  {
                      "Units":  512,
                      "MeasuredTicks":  360,
                      "Passed":  true,
                      "P95BudgetMilliseconds":  12.5,
                      "StateHashBudgetMilliseconds":  6.25,
                      "AllocationBudgetBytes":  1024,
                      "AverageTickMilliseconds":  3.566202777777777,
                      "P95TickMilliseconds":  4.3253,
                      "MaximumTickMilliseconds":  5.5947,
                      "AverageStateHashMilliseconds":  1.3534375,
                      "AverageAllocatedBytes":  182.2,
                      "AverageCombatMilliseconds":  0.002263611111111116,
                      "AveragePathMilliseconds":  0.0010133333333333327,
                      "AverageSteeringMilliseconds":  2.7923736111111106,
                      "AverageCollisionMilliseconds":  0.7081324999999998,
                      "AverageOtherMilliseconds":  0.0619027777777778
                  },
                  {
                      "Units":  1000,
                      "MeasuredTicks":  360,
                      "Passed":  true,
                      "P95BudgetMilliseconds":  16.67,
                      "StateHashBudgetMilliseconds":  8.335,
                      "AllocationBudgetBytes":  1024,
                      "AverageTickMilliseconds":  7.49340916666667,
                      "P95TickMilliseconds":  9.4499,
                      "MaximumTickMilliseconds":  10.8341,
                      "AverageStateHashMilliseconds":  1.3313875,
                      "AverageAllocatedBytes":  461.15555555555557,
                      "AverageCombatMilliseconds":  0.0043380555555555715,
                      "AveragePathMilliseconds":  0.0017838888888888882,
                      "AverageSteeringMilliseconds":  5.6452633333333315,
                      "AverageCollisionMilliseconds":  1.713406111111112,
                      "AverageOtherMilliseconds":  0.1280441666666666
                  }
              ],
    "CombatCases":  [
                        {
                            "Units":  128,
                            "MeasuredTicks":  360,
                            "Passed":  true,
                            "P95BudgetMilliseconds":  4,
                            "StateHashBudgetMilliseconds":  2,
                            "AllocationBudgetBytes":  8192,
                            "AverageTickMilliseconds":  1.5023355555555544,
                            "P95TickMilliseconds":  2.1374,
                            "MaximumTickMilliseconds":  3.3617,
                            "AverageStateHashMilliseconds":  0.15435,
                            "AverageAllocatedBytes":  2382.133333333333,
                            "AverageCombatMilliseconds":  0.5485125000000001,
                            "AveragePathMilliseconds":  0.00501027777777777,
                            "AverageSteeringMilliseconds":  0.7756524999999997,
                            "AverageCollisionMilliseconds":  0.14880611111111122,
                            "AverageOtherMilliseconds":  0.02390166666666666
                        },
                        {
                            "Units":  256,
                            "MeasuredTicks":  360,
                            "Passed":  true,
                            "P95BudgetMilliseconds":  8,
                            "StateHashBudgetMilliseconds":  4,
                            "AllocationBudgetBytes":  8192,
                            "AverageTickMilliseconds":  3.5954258333333313,
                            "P95TickMilliseconds":  4.7676,
                            "MaximumTickMilliseconds":  5.7877,
                            "AverageStateHashMilliseconds":  0.6431375,
                            "AverageAllocatedBytes":  4115.8,
                            "AverageCombatMilliseconds":  1.7350994444444447,
                            "AveragePathMilliseconds":  0.007528611111111114,
                            "AverageSteeringMilliseconds":  1.4731041666666667,
                            "AverageCollisionMilliseconds":  0.3322269444444443,
                            "AverageOtherMilliseconds":  0.04692333333333331
                        }
                    ]
}
