{
    "CreatedAtUtc":  "2026-07-11T12:00:33.8389675Z",
    "Passed":  true,
    "Cases":  [
                  {
                      "Units":  256,
                      "MeasuredTicks":  360,
                      "Passed":  true,
                      "P95BudgetMilliseconds":  4,
                      "StateHashBudgetMilliseconds":  2,
                      "AllocationBudgetBytes":  1024,
                      "AverageTickMilliseconds":  1.0807861111111108,
                      "P95TickMilliseconds":  1.4819,
                      "MaximumTickMilliseconds":  5.8863,
                      "AverageStateHashMilliseconds":  0.8512125,
                      "AverageAllocatedBytes":  27.2,
                      "AverageCombatMilliseconds":  0.005558333333333322,
                      "AveragePathMilliseconds":  0.0004858333333333334,
                      "AverageSteeringMilliseconds":  0.6322608333333325,
                      "AverageCollisionMilliseconds":  0.3578297222222219,
                      "AverageOtherMilliseconds":  0.08348055555555543
                  },
                  {
                      "Units":  512,
                      "MeasuredTicks":  360,
                      "Passed":  true,
                      "P95BudgetMilliseconds":  12.5,
                      "StateHashBudgetMilliseconds":  6.25,
                      "AllocationBudgetBytes":  1024,
                      "AverageTickMilliseconds":  3.863882777777775,
                      "P95TickMilliseconds":  5.2145,
                      "MaximumTickMilliseconds":  7.078,
                      "AverageStateHashMilliseconds":  1.59358125,
                      "AverageAllocatedBytes":  182.2,
                      "AverageCombatMilliseconds":  0.0024319444444444497,
                      "AveragePathMilliseconds":  0.0012516666666666672,
                      "AverageSteeringMilliseconds":  2.999105000000001,
                      "AverageCollisionMilliseconds":  0.7881555555555557,
                      "AverageOtherMilliseconds":  0.07235555555555559
                  },
                  {
                      "Units":  1000,
                      "MeasuredTicks":  360,
                      "Passed":  true,
                      "P95BudgetMilliseconds":  16.67,
                      "StateHashBudgetMilliseconds":  8.335,
                      "AllocationBudgetBytes":  1024,
                      "AverageTickMilliseconds":  7.192000277777783,
                      "P95TickMilliseconds":  9.1789,
                      "MaximumTickMilliseconds":  13.9158,
                      "AverageStateHashMilliseconds":  1.39060625,
                      "AverageAllocatedBytes":  461.15555555555557,
                      "AverageCombatMilliseconds":  0.004190000000000018,
                      "AveragePathMilliseconds":  0.001719166666666667,
                      "AverageSteeringMilliseconds":  5.378071666666662,
                      "AverageCollisionMilliseconds":  1.6811297222222228,
                      "AverageOtherMilliseconds":  0.1262788888888889
                  }
              ],
    "CombatCases":  [
                        {
                            "Units":  128,
                            "MeasuredTicks":  360,
                            "Passed":  true,
                            "P95BudgetMilliseconds":  4,
                            "StateHashBudgetMilliseconds":  2,
                            "AllocationBudgetBytes":  8192,
                            "AverageTickMilliseconds":  1.2966202777777764,
                            "P95TickMilliseconds":  1.6323,
                            "MaximumTickMilliseconds":  2.5805,
                            "AverageStateHashMilliseconds":  0.156475,
                            "AverageAllocatedBytes":  2382.133333333333,
                            "AverageCombatMilliseconds":  0.4652988888888891,
                            "AveragePathMilliseconds":  0.003450833333333331,
                            "AverageSteeringMilliseconds":  0.6732224999999996,
                            "AverageCollisionMilliseconds":  0.13523416666666666,
                            "AverageOtherMilliseconds":  0.018978611111111102
                        },
                        {
                            "Units":  256,
                            "MeasuredTicks":  360,
                            "Passed":  true,
                            "P95BudgetMilliseconds":  8,
                            "StateHashBudgetMilliseconds":  4,
                            "AllocationBudgetBytes":  8192,
                            "AverageTickMilliseconds":  3.1782441666666656,
                            "P95TickMilliseconds":  4.3626,
                            "MaximumTickMilliseconds":  5.8791,
                            "AverageStateHashMilliseconds":  0.7465125,
                            "AverageAllocatedBytes":  4115.8,
                            "AverageCombatMilliseconds":  1.5062911111111121,
                            "AveragePathMilliseconds":  0.006129166666666663,
                            "AverageSteeringMilliseconds":  1.3227105555555556,
                            "AverageCollisionMilliseconds":  0.3034366666666666,
                            "AverageOtherMilliseconds":  0.03914750000000001
                        }
                    ]
}
