{
    "CreatedAtUtc":  "2026-07-11T12:29:54.7415849Z",
    "Passed":  true,
    "Cases":  [
                  {
                      "Units":  256,
                      "MeasuredTicks":  360,
                      "Passed":  true,
                      "P95BudgetMilliseconds":  4,
                      "StateHashBudgetMilliseconds":  2,
                      "AllocationBudgetBytes":  1024,
                      "AverageTickMilliseconds":  1.2172641666666668,
                      "P95TickMilliseconds":  1.7706,
                      "MaximumTickMilliseconds":  5.3119,
                      "AverageStateHashMilliseconds":  1.1216,
                      "AverageAllocatedBytes":  27.2,
                      "AverageCombatMilliseconds":  0.004987777777777776,
                      "AveragePathMilliseconds":  0.0004688888888888858,
                      "AverageSteeringMilliseconds":  0.7399822222222227,
                      "AverageCollisionMilliseconds":  0.38553416666666684,
                      "AverageOtherMilliseconds":  0.08511055555555551
                  },
                  {
                      "Units":  512,
                      "MeasuredTicks":  360,
                      "Passed":  true,
                      "P95BudgetMilliseconds":  12.5,
                      "StateHashBudgetMilliseconds":  6.25,
                      "AllocationBudgetBytes":  1024,
                      "AverageTickMilliseconds":  4.255330277777779,
                      "P95TickMilliseconds":  5.7559,
                      "MaximumTickMilliseconds":  13.4033,
                      "AverageStateHashMilliseconds":  1.5140375,
                      "AverageAllocatedBytes":  182.2,
                      "AverageCombatMilliseconds":  0.0027347222222222256,
                      "AveragePathMilliseconds":  0.001111944444444444,
                      "AverageSteeringMilliseconds":  3.3057199999999978,
                      "AverageCollisionMilliseconds":  0.8647297222222217,
                      "AverageOtherMilliseconds":  0.08048166666666663
                  },
                  {
                      "Units":  1000,
                      "MeasuredTicks":  360,
                      "Passed":  true,
                      "P95BudgetMilliseconds":  16.67,
                      "StateHashBudgetMilliseconds":  8.335,
                      "AllocationBudgetBytes":  1024,
                      "AverageTickMilliseconds":  7.007546944444439,
                      "P95TickMilliseconds":  9.0027,
                      "MaximumTickMilliseconds":  15.6622,
                      "AverageStateHashMilliseconds":  1.32286875,
                      "AverageAllocatedBytes":  461.15555555555557,
                      "AverageCombatMilliseconds":  0.004101944444444453,
                      "AveragePathMilliseconds":  0.0015447222222222223,
                      "AverageSteeringMilliseconds":  5.262716388888892,
                      "AverageCollisionMilliseconds":  1.616665555555555,
                      "AverageOtherMilliseconds":  0.12203638888888892
                  }
              ],
    "CombatCases":  [
                        {
                            "Units":  128,
                            "MeasuredTicks":  360,
                            "Passed":  true,
                            "P95BudgetMilliseconds":  4,
                            "StateHashBudgetMilliseconds":  2,
                            "AllocationBudgetBytes":  8192,
                            "AverageTickMilliseconds":  1.4217427777777776,
                            "P95TickMilliseconds":  2.5531,
                            "MaximumTickMilliseconds":  3.5756,
                            "AverageStateHashMilliseconds":  0.1437,
                            "AverageAllocatedBytes":  2382.133333333333,
                            "AverageCombatMilliseconds":  0.6493680555555558,
                            "AveragePathMilliseconds":  0.002946111111111108,
                            "AverageSteeringMilliseconds":  0.6294352777777776,
                            "AverageCollisionMilliseconds":  0.12334694444444445,
                            "AverageOtherMilliseconds":  0.01625611111111111
                        },
                        {
                            "Units":  256,
                            "MeasuredTicks":  360,
                            "Passed":  true,
                            "P95BudgetMilliseconds":  8,
                            "StateHashBudgetMilliseconds":  4,
                            "AllocationBudgetBytes":  8192,
                            "AverageTickMilliseconds":  3.0245872222222205,
                            "P95TickMilliseconds":  3.8562,
                            "MaximumTickMilliseconds":  4.8442,
                            "AverageStateHashMilliseconds":  0.66064375,
                            "AverageAllocatedBytes":  4115.8,
                            "AverageCombatMilliseconds":  1.4226441666666663,
                            "AveragePathMilliseconds":  0.005511666666666667,
                            "AverageSteeringMilliseconds":  1.2752930555555557,
                            "AverageCollisionMilliseconds":  0.2866727777777778,
                            "AverageOtherMilliseconds":  0.03404444444444443
                        }
                    ]
}
