{
    "CreatedAtUtc":  "2026-07-11T14:41:52.3016828Z",
    "Passed":  true,
    "Cases":  [
                  {
                      "Units":  256,
                      "MeasuredTicks":  360,
                      "Passed":  true,
                      "P95BudgetMilliseconds":  4,
                      "StateHashBudgetMilliseconds":  2,
                      "AllocationBudgetBytes":  1024,
                      "AverageTickMilliseconds":  1.277391388888889,
                      "P95TickMilliseconds":  1.9662,
                      "MaximumTickMilliseconds":  3.2038,
                      "AverageStateHashMilliseconds":  1.62226875,
                      "AverageAllocatedBytes":  27.2,
                      "AverageCombatMilliseconds":  0.005468055555555561,
                      "AveragePathMilliseconds":  0.000639444444444444,
                      "AverageSteeringMilliseconds":  0.8047930555555548,
                      "AverageCollisionMilliseconds":  0.4033777777777779,
                      "AverageOtherMilliseconds":  0.062201388888888896
                  },
                  {
                      "Units":  512,
                      "MeasuredTicks":  360,
                      "Passed":  true,
                      "P95BudgetMilliseconds":  12.5,
                      "StateHashBudgetMilliseconds":  6.25,
                      "AllocationBudgetBytes":  1024,
                      "AverageTickMilliseconds":  3.5341869444444445,
                      "P95TickMilliseconds":  4.5603,
                      "MaximumTickMilliseconds":  7.4113,
                      "AverageStateHashMilliseconds":  1.45686875,
                      "AverageAllocatedBytes":  182.2,
                      "AverageCombatMilliseconds":  0.001999166666666673,
                      "AveragePathMilliseconds":  0.000952777777777778,
                      "AverageSteeringMilliseconds":  2.748239166666665,
                      "AverageCollisionMilliseconds":  0.717113888888889,
                      "AverageOtherMilliseconds":  0.06536277777777776
                  },
                  {
                      "Units":  1000,
                      "MeasuredTicks":  360,
                      "Passed":  true,
                      "P95BudgetMilliseconds":  16.67,
                      "StateHashBudgetMilliseconds":  8.335,
                      "AllocationBudgetBytes":  1024,
                      "AverageTickMilliseconds":  7.234054444444449,
                      "P95TickMilliseconds":  9.2496,
                      "MaximumTickMilliseconds":  10.5881,
                      "AverageStateHashMilliseconds":  1.7454125,
                      "AverageAllocatedBytes":  461.15555555555557,
                      "AverageCombatMilliseconds":  0.00400194444444446,
                      "AveragePathMilliseconds":  0.0018472222222222215,
                      "AverageSteeringMilliseconds":  5.402624444444443,
                      "AverageCollisionMilliseconds":  1.6936888888888904,
                      "AverageOtherMilliseconds":  0.13134249999999992
                  }
              ],
    "CombatCases":  [
                        {
                            "Units":  128,
                            "MeasuredTicks":  360,
                            "Passed":  true,
                            "P95BudgetMilliseconds":  4,
                            "StateHashBudgetMilliseconds":  2,
                            "AllocationBudgetBytes":  8192,
                            "AverageTickMilliseconds":  1.5205491666666664,
                            "P95TickMilliseconds":  1.9998,
                            "MaximumTickMilliseconds":  2.6778,
                            "AverageStateHashMilliseconds":  0.36398125,
                            "AverageAllocatedBytes":  2382.133333333333,
                            "AverageCombatMilliseconds":  0.5206497222222223,
                            "AveragePathMilliseconds":  0.004353611111111105,
                            "AverageSteeringMilliseconds":  0.7474927777777775,
                            "AverageCollisionMilliseconds":  0.14793444444444454,
                            "AverageOtherMilliseconds":  0.099635
                        },
                        {
                            "Units":  256,
                            "MeasuredTicks":  360,
                            "Passed":  true,
                            "P95BudgetMilliseconds":  8,
                            "StateHashBudgetMilliseconds":  4,
                            "AllocationBudgetBytes":  8192,
                            "AverageTickMilliseconds":  3.5387480555555535,
                            "P95TickMilliseconds":  4.765,
                            "MaximumTickMilliseconds":  5.8615,
                            "AverageStateHashMilliseconds":  0.66768125,
                            "AverageAllocatedBytes":  4115.8,
                            "AverageCombatMilliseconds":  1.6132255555555572,
                            "AveragePathMilliseconds":  0.0066552777777777695,
                            "AverageSteeringMilliseconds":  1.3958805555555558,
                            "AverageCollisionMilliseconds":  0.31622194444444446,
                            "AverageOtherMilliseconds":  0.20625472222222255
                        }
                    ]
}
