{
    "CreatedAtUtc":  "2026-07-11T10:25:01.1834756Z",
    "Passed":  true,
    "Cases":  [
                  {
                      "Units":  256,
                      "MeasuredTicks":  360,
                      "Passed":  true,
                      "P95BudgetMilliseconds":  4,
                      "StateHashBudgetMilliseconds":  2,
                      "AllocationBudgetBytes":  1024,
                      "AverageTickMilliseconds":  0.8886199999999993,
                      "P95TickMilliseconds":  1.1153,
                      "MaximumTickMilliseconds":  4.0268,
                      "AverageStateHashMilliseconds":  0.86015625,
                      "AverageAllocatedBytes":  27.2,
                      "AverageCombatMilliseconds":  0.003896666666666649,
                      "AveragePathMilliseconds":  0.00029638888888888944,
                      "AverageSteeringMilliseconds":  0.5292597222222225,
                      "AverageCollisionMilliseconds":  0.29915611111111123,
                      "AverageOtherMilliseconds":  0.05536305555555554
                  },
                  {
                      "Units":  512,
                      "MeasuredTicks":  360,
                      "Passed":  true,
                      "P95BudgetMilliseconds":  12.5,
                      "StateHashBudgetMilliseconds":  6.25,
                      "AllocationBudgetBytes":  1024,
                      "AverageTickMilliseconds":  3.596769722222222,
                      "P95TickMilliseconds":  4.4918,
                      "MaximumTickMilliseconds":  5.5237,
                      "AverageStateHashMilliseconds":  1.20549375,
                      "AverageAllocatedBytes":  182.2,
                      "AverageCombatMilliseconds":  0.0022752777777777845,
                      "AveragePathMilliseconds":  0.001170277777777777,
                      "AverageSteeringMilliseconds":  2.8040700000000007,
                      "AverageCollisionMilliseconds":  0.7231152777777778,
                      "AverageOtherMilliseconds":  0.06561750000000008
                  },
                  {
                      "Units":  1000,
                      "MeasuredTicks":  360,
                      "Passed":  true,
                      "P95BudgetMilliseconds":  16.67,
                      "StateHashBudgetMilliseconds":  8.335,
                      "AllocationBudgetBytes":  1024,
                      "AverageTickMilliseconds":  6.983626388888883,
                      "P95TickMilliseconds":  8.4983,
                      "MaximumTickMilliseconds":  9.4483,
                      "AverageStateHashMilliseconds":  1.321475,
                      "AverageAllocatedBytes":  461.15555555555557,
                      "AverageCombatMilliseconds":  0.004150833333333346,
                      "AveragePathMilliseconds":  0.0017177777777777788,
                      "AverageSteeringMilliseconds":  5.224070555555556,
                      "AverageCollisionMilliseconds":  1.6279469444444434,
                      "AverageOtherMilliseconds":  0.1251875
                  }
              ],
    "CombatCases":  [
                        {
                            "Units":  128,
                            "MeasuredTicks":  360,
                            "Passed":  true,
                            "P95BudgetMilliseconds":  4,
                            "StateHashBudgetMilliseconds":  2,
                            "AllocationBudgetBytes":  8192,
                            "AverageTickMilliseconds":  1.4158516666666665,
                            "P95TickMilliseconds":  1.9983,
                            "MaximumTickMilliseconds":  2.377,
                            "AverageStateHashMilliseconds":  0.15201875,
                            "AverageAllocatedBytes":  2382.133333333333,
                            "AverageCombatMilliseconds":  0.5268591666666664,
                            "AveragePathMilliseconds":  0.004154722222222216,
                            "AverageSteeringMilliseconds":  0.7195063888888894,
                            "AverageCollisionMilliseconds":  0.1439933333333333,
                            "AverageOtherMilliseconds":  0.020862499999999985
                        },
                        {
                            "Units":  256,
                            "MeasuredTicks":  360,
                            "Passed":  true,
                            "P95BudgetMilliseconds":  8,
                            "StateHashBudgetMilliseconds":  4,
                            "AllocationBudgetBytes":  8192,
                            "AverageTickMilliseconds":  4.20503166666667,
                            "P95TickMilliseconds":  7.1295,
                            "MaximumTickMilliseconds":  12.2415,
                            "AverageStateHashMilliseconds":  1.58135,
                            "AverageAllocatedBytes":  4115.8,
                            "AverageCombatMilliseconds":  2.0550680555555556,
                            "AveragePathMilliseconds":  0.008724722222222217,
                            "AverageSteeringMilliseconds":  1.7125013888888885,
                            "AverageCollisionMilliseconds":  0.36933194444444456,
                            "AverageOtherMilliseconds":  0.058749166666666706
                        }
                    ]
}
