{
    "CreatedAtUtc":  "2026-07-11T06:18:44.3502364Z",
    "Passed":  true,
    "Cases":  [
                  {
                      "Units":  256,
                      "MeasuredTicks":  360,
                      "Passed":  true,
                      "P95BudgetMilliseconds":  4,
                      "StateHashBudgetMilliseconds":  2,
                      "AllocationBudgetBytes":  1024,
                      "AverageTickMilliseconds":  1.0585588888888884,
                      "P95TickMilliseconds":  1.4248,
                      "MaximumTickMilliseconds":  1.9535,
                      "AverageStateHashMilliseconds":  0.78795,
                      "AverageAllocatedBytes":  27.2,
                      "AverageCombatMilliseconds":  0.004729444444444439,
                      "AveragePathMilliseconds":  0.000380277777777778,
                      "AverageSteeringMilliseconds":  0.6560619444444444,
                      "AverageCollisionMilliseconds":  0.331898888888889,
                      "AverageOtherMilliseconds":  0.06472444444444445
                  },
                  {
                      "Units":  512,
                      "MeasuredTicks":  360,
                      "Passed":  true,
                      "P95BudgetMilliseconds":  12.5,
                      "StateHashBudgetMilliseconds":  6.25,
                      "AllocationBudgetBytes":  1024,
                      "AverageTickMilliseconds":  3.7482405555555562,
                      "P95TickMilliseconds":  4.6453,
                      "MaximumTickMilliseconds":  5.5025,
                      "AverageStateHashMilliseconds":  1.269025,
                      "AverageAllocatedBytes":  182.2,
                      "AverageCombatMilliseconds":  0.0024411111111111152,
                      "AveragePathMilliseconds":  0.0009788888888888894,
                      "AverageSteeringMilliseconds":  2.9301483333333325,
                      "AverageCollisionMilliseconds":  0.7486316666666656,
                      "AverageOtherMilliseconds":  0.06552444444444443
                  },
                  {
                      "Units":  1000,
                      "MeasuredTicks":  360,
                      "Passed":  true,
                      "P95BudgetMilliseconds":  16.67,
                      "StateHashBudgetMilliseconds":  8.335,
                      "AllocationBudgetBytes":  1024,
                      "AverageTickMilliseconds":  7.183170277777774,
                      "P95TickMilliseconds":  9.0216,
                      "MaximumTickMilliseconds":  10.1467,
                      "AverageStateHashMilliseconds":  1.32948125,
                      "AverageAllocatedBytes":  461.15555555555557,
                      "AverageCombatMilliseconds":  0.004146388888888903,
                      "AveragePathMilliseconds":  0.0017911111111111125,
                      "AverageSteeringMilliseconds":  5.413620833333332,
                      "AverageCollisionMilliseconds":  1.6428455555555554,
                      "AverageOtherMilliseconds":  0.12022750000000004
                  }
              ],
    "CombatCases":  [
                        {
                            "Units":  128,
                            "MeasuredTicks":  360,
                            "Passed":  true,
                            "P95BudgetMilliseconds":  4,
                            "StateHashBudgetMilliseconds":  2,
                            "AllocationBudgetBytes":  8192,
                            "AverageTickMilliseconds":  1.2468847222222215,
                            "P95TickMilliseconds":  1.7803,
                            "MaximumTickMilliseconds":  3.0106,
                            "AverageStateHashMilliseconds":  0.12996875,
                            "AverageAllocatedBytes":  2382.133333333333,
                            "AverageCombatMilliseconds":  0.4410847222222221,
                            "AveragePathMilliseconds":  0.0030594444444444436,
                            "AverageSteeringMilliseconds":  0.6570558333333332,
                            "AverageCollisionMilliseconds":  0.12935888888888897,
                            "AverageOtherMilliseconds":  0.015934722222222225
                        },
                        {
                            "Units":  256,
                            "MeasuredTicks":  360,
                            "Passed":  true,
                            "P95BudgetMilliseconds":  8,
                            "StateHashBudgetMilliseconds":  4,
                            "AllocationBudgetBytes":  8192,
                            "AverageTickMilliseconds":  3.411746944444447,
                            "P95TickMilliseconds":  4.6056,
                            "MaximumTickMilliseconds":  5.3479,
                            "AverageStateHashMilliseconds":  0.79304375,
                            "AverageAllocatedBytes":  4115.8,
                            "AverageCombatMilliseconds":  1.6253811111111105,
                            "AveragePathMilliseconds":  0.006788333333333331,
                            "AverageSteeringMilliseconds":  1.4206283333333334,
                            "AverageCollisionMilliseconds":  0.3162825,
                            "AverageOtherMilliseconds":  0.0421536111111111
                        }
                    ]
}
