{
    "CreatedAtUtc":  "2026-07-11T03:32:23.9458476Z",
    "Passed":  true,
    "Cases":  [
                  {
                      "Units":  256,
                      "MeasuredTicks":  360,
                      "Passed":  true,
                      "P95BudgetMilliseconds":  4,
                      "StateHashBudgetMilliseconds":  2,
                      "AllocationBudgetBytes":  1024,
                      "AverageTickMilliseconds":  1.0833461111111111,
                      "P95TickMilliseconds":  1.4077,
                      "MaximumTickMilliseconds":  5.3358,
                      "AverageStateHashMilliseconds":  1.07715625,
                      "AverageAllocatedBytes":  27.2,
                      "AverageCombatMilliseconds":  0.004615277777777763,
                      "AveragePathMilliseconds":  0.00048722222222222184,
                      "AverageSteeringMilliseconds":  0.6485938888888886,
                      "AverageCollisionMilliseconds":  0.3585166666666666,
                      "AverageOtherMilliseconds":  0.0701363888888889
                  },
                  {
                      "Units":  512,
                      "MeasuredTicks":  360,
                      "Passed":  true,
                      "P95BudgetMilliseconds":  12.5,
                      "StateHashBudgetMilliseconds":  6.25,
                      "AllocationBudgetBytes":  1024,
                      "AverageTickMilliseconds":  3.967782777777779,
                      "P95TickMilliseconds":  5.0814,
                      "MaximumTickMilliseconds":  12.4469,
                      "AverageStateHashMilliseconds":  1.28535625,
                      "AverageAllocatedBytes":  182.2,
                      "AverageCombatMilliseconds":  0.002614722222222224,
                      "AveragePathMilliseconds":  0.0009569444444444448,
                      "AverageSteeringMilliseconds":  3.0999516666666667,
                      "AverageCollisionMilliseconds":  0.7955197222222224,
                      "AverageOtherMilliseconds":  0.06816555555555556
                  },
                  {
                      "Units":  1000,
                      "MeasuredTicks":  360,
                      "Passed":  true,
                      "P95BudgetMilliseconds":  16.67,
                      "StateHashBudgetMilliseconds":  8.335,
                      "AllocationBudgetBytes":  1024,
                      "AverageTickMilliseconds":  8.648393888888886,
                      "P95TickMilliseconds":  11.1313,
                      "MaximumTickMilliseconds":  13.2466,
                      "AverageStateHashMilliseconds":  1.85348125,
                      "AverageAllocatedBytes":  461.15555555555557,
                      "AverageCombatMilliseconds":  0.005377499999999998,
                      "AveragePathMilliseconds":  0.002446666666666666,
                      "AverageSteeringMilliseconds":  6.508581666666663,
                      "AverageCollisionMilliseconds":  1.9761861111111099,
                      "AverageOtherMilliseconds":  0.15504694444444433
                  }
              ],
    "CombatCases":  [
                        {
                            "Units":  128,
                            "MeasuredTicks":  360,
                            "Passed":  true,
                            "P95BudgetMilliseconds":  4,
                            "StateHashBudgetMilliseconds":  2,
                            "AllocationBudgetBytes":  8192,
                            "AverageTickMilliseconds":  1.2878133333333341,
                            "P95TickMilliseconds":  1.7179,
                            "MaximumTickMilliseconds":  2.1253,
                            "AverageStateHashMilliseconds":  0.14381875,
                            "AverageAllocatedBytes":  2382.133333333333,
                            "AverageCombatMilliseconds":  0.4525027777777776,
                            "AveragePathMilliseconds":  0.0032780555555555527,
                            "AverageSteeringMilliseconds":  0.680471666666667,
                            "AverageCollisionMilliseconds":  0.13401888888888888,
                            "AverageOtherMilliseconds":  0.017147500000000013
                        },
                        {
                            "Units":  256,
                            "MeasuredTicks":  360,
                            "Passed":  true,
                            "P95BudgetMilliseconds":  8,
                            "StateHashBudgetMilliseconds":  4,
                            "AllocationBudgetBytes":  8192,
                            "AverageTickMilliseconds":  3.6914963888888894,
                            "P95TickMilliseconds":  4.8653,
                            "MaximumTickMilliseconds":  5.9054,
                            "AverageStateHashMilliseconds":  0.91738125,
                            "AverageAllocatedBytes":  4115.8,
                            "AverageCombatMilliseconds":  1.768167499999999,
                            "AveragePathMilliseconds":  0.007990000000000004,
                            "AverageSteeringMilliseconds":  1.5236627777777771,
                            "AverageCollisionMilliseconds":  0.34181166666666657,
                            "AverageOtherMilliseconds":  0.04925055555555553
                        }
                    ]
}
