{
    "CreatedAtUtc":  "2026-07-10T17:08:17.9198516Z",
    "Passed":  true,
    "Cases":  [
                  {
                      "Units":  256,
                      "MeasuredTicks":  360,
                      "Passed":  true,
                      "P95BudgetMilliseconds":  4,
                      "AllocationBudgetBytes":  1024,
                      "AverageTickMilliseconds":  1.2727775000000001,
                      "P95TickMilliseconds":  1.73,
                      "MaximumTickMilliseconds":  5.8532,
                      "AverageAllocatedBytes":  27.2,
                      "AveragePathMilliseconds":  0.0005763888888888885,
                      "AverageSteeringMilliseconds":  0.7247899999999999,
                      "AverageCollisionMilliseconds":  0.446645,
                      "AverageOtherMilliseconds":  0.09941222222222221
                  },
                  {
                      "Units":  512,
                      "MeasuredTicks":  360,
                      "Passed":  true,
                      "P95BudgetMilliseconds":  12.5,
                      "AllocationBudgetBytes":  1024,
                      "AverageTickMilliseconds":  3.7487358333333347,
                      "P95TickMilliseconds":  4.7036,
                      "MaximumTickMilliseconds":  5.314,
                      "AverageAllocatedBytes":  182.2,
                      "AveragePathMilliseconds":  0.0010616666666666674,
                      "AverageSteeringMilliseconds":  2.9517680555555543,
                      "AverageCollisionMilliseconds":  0.7348463888888889,
                      "AverageOtherMilliseconds":  0.06059138888888887
                  },
                  {
                      "Units":  1000,
                      "MeasuredTicks":  360,
                      "Passed":  true,
                      "P95BudgetMilliseconds":  16.67,
                      "AllocationBudgetBytes":  1024,
                      "AverageTickMilliseconds":  7.898865277777771,
                      "P95TickMilliseconds":  9.3963,
                      "MaximumTickMilliseconds":  10.9473,
                      "AverageAllocatedBytes":  461.15555555555557,
                      "AveragePathMilliseconds":  0.002423611111111111,
                      "AverageSteeringMilliseconds":  6.000730555555555,
                      "AverageCollisionMilliseconds":  1.767060000000001,
                      "AverageOtherMilliseconds":  0.12806583333333343
                  }
              ]
}
