{
    "CreatedAtUtc":  "2026-07-10T15:16:20.8726152Z",
    "Passed":  true,
    "Cases":  [
                  {
                      "Units":  256,
                      "MeasuredTicks":  360,
                      "Passed":  true,
                      "P95BudgetMilliseconds":  4,
                      "AllocationBudgetBytes":  1024,
                      "AverageTickMilliseconds":  1.1948744444444444,
                      "P95TickMilliseconds":  1.552,
                      "MaximumTickMilliseconds":  5.9621,
                      "AverageAllocatedBytes":  27.2,
                      "AveragePathMilliseconds":  0.0006602777777777769,
                      "AverageSteeringMilliseconds":  0.7040622222222231,
                      "AverageCollisionMilliseconds":  0.4040644444444441,
                      "AverageOtherMilliseconds":  0.08450805555555559
                  },
                  {
                      "Units":  512,
                      "MeasuredTicks":  360,
                      "Passed":  true,
                      "P95BudgetMilliseconds":  12.5,
                      "AllocationBudgetBytes":  1024,
                      "AverageTickMilliseconds":  4.4380074999999986,
                      "P95TickMilliseconds":  5.807,
                      "MaximumTickMilliseconds":  9.2601,
                      "AverageAllocatedBytes":  182.2,
                      "AveragePathMilliseconds":  0.001506388888888888,
                      "AverageSteeringMilliseconds":  3.4944297222222214,
                      "AverageCollisionMilliseconds":  0.867696666666666,
                      "AverageOtherMilliseconds":  0.07380861111111114
                  },
                  {
                      "Units":  1000,
                      "MeasuredTicks":  360,
                      "Passed":  true,
                      "P95BudgetMilliseconds":  16.67,
                      "AllocationBudgetBytes":  1024,
                      "AverageTickMilliseconds":  7.967567777777779,
                      "P95TickMilliseconds":  9.523,
                      "MaximumTickMilliseconds":  10.576,
                      "AverageAllocatedBytes":  461.15555555555557,
                      "AveragePathMilliseconds":  0.002297777777777776,
                      "AverageSteeringMilliseconds":  6.063031666666668,
                      "AverageCollisionMilliseconds":  1.773279166666666,
                      "AverageOtherMilliseconds":  0.1283616666666667
                  }
              ]
}
