{
    "CreatedAtUtc":  "2026-07-11T06:56:35.6868075Z",
    "Passed":  true,
    "Cases":  [
                  {
                      "Units":  256,
                      "MeasuredTicks":  360,
                      "Passed":  true,
                      "P95BudgetMilliseconds":  4,
                      "StateHashBudgetMilliseconds":  2,
                      "AllocationBudgetBytes":  1024,
                      "AverageTickMilliseconds":  1.2009419444444436,
                      "P95TickMilliseconds":  1.7625,
                      "MaximumTickMilliseconds":  5.0371,
                      "AverageStateHashMilliseconds":  1.20986875,
                      "AverageAllocatedBytes":  27.2,
                      "AverageCombatMilliseconds":  0.004793055555555559,
                      "AveragePathMilliseconds":  0.0005113888888888866,
                      "AverageSteeringMilliseconds":  0.7184166666666673,
                      "AverageCollisionMilliseconds":  0.3976661111111111,
                      "AverageOtherMilliseconds":  0.07795250000000012
                  },
                  {
                      "Units":  512,
                      "MeasuredTicks":  360,
                      "Passed":  true,
                      "P95BudgetMilliseconds":  12.5,
                      "StateHashBudgetMilliseconds":  6.25,
                      "AllocationBudgetBytes":  1024,
                      "AverageTickMilliseconds":  3.9596977777777775,
                      "P95TickMilliseconds":  4.8796,
                      "MaximumTickMilliseconds":  5.7247,
                      "AverageStateHashMilliseconds":  1.30121875,
                      "AverageAllocatedBytes":  182.2,
                      "AverageCombatMilliseconds":  0.0030991666666666676,
                      "AveragePathMilliseconds":  0.0011591666666666669,
                      "AverageSteeringMilliseconds":  3.1008808333333326,
                      "AverageCollisionMilliseconds":  0.7835563888888892,
                      "AverageOtherMilliseconds":  0.07034305555555552
                  },
                  {
                      "Units":  1000,
                      "MeasuredTicks":  360,
                      "Passed":  true,
                      "P95BudgetMilliseconds":  16.67,
                      "StateHashBudgetMilliseconds":  8.335,
                      "AllocationBudgetBytes":  1024,
                      "AverageTickMilliseconds":  8.450223611111118,
                      "P95TickMilliseconds":  11.7457,
                      "MaximumTickMilliseconds":  16.8802,
                      "AverageStateHashMilliseconds":  1.4963125,
                      "AverageAllocatedBytes":  461.15555555555557,
                      "AverageCombatMilliseconds":  0.005021388888888906,
                      "AveragePathMilliseconds":  0.001961111111111112,
                      "AverageSteeringMilliseconds":  6.411144444444444,
                      "AverageCollisionMilliseconds":  1.8877275000000004,
                      "AverageOtherMilliseconds":  0.1437230555555555
                  }
              ],
    "CombatCases":  [
                        {
                            "Units":  128,
                            "MeasuredTicks":  360,
                            "Passed":  true,
                            "P95BudgetMilliseconds":  4,
                            "StateHashBudgetMilliseconds":  2,
                            "AllocationBudgetBytes":  8192,
                            "AverageTickMilliseconds":  1.463154444444444,
                            "P95TickMilliseconds":  2.0279,
                            "MaximumTickMilliseconds":  2.563,
                            "AverageStateHashMilliseconds":  0.147225,
                            "AverageAllocatedBytes":  2382.133333333333,
                            "AverageCombatMilliseconds":  0.5259744444444446,
                            "AveragePathMilliseconds":  0.00449944444444444,
                            "AverageSteeringMilliseconds":  0.7648672222222225,
                            "AverageCollisionMilliseconds":  0.14569916666666674,
                            "AverageOtherMilliseconds":  0.021651388888888883
                        },
                        {
                            "Units":  256,
                            "MeasuredTicks":  360,
                            "Passed":  true,
                            "P95BudgetMilliseconds":  8,
                            "StateHashBudgetMilliseconds":  4,
                            "AllocationBudgetBytes":  8192,
                            "AverageTickMilliseconds":  3.7181758333333335,
                            "P95TickMilliseconds":  4.8984,
                            "MaximumTickMilliseconds":  5.3666,
                            "AverageStateHashMilliseconds":  0.7008875,
                            "AverageAllocatedBytes":  4115.8,
                            "AverageCombatMilliseconds":  1.8292197222222215,
                            "AveragePathMilliseconds":  0.007719999999999993,
                            "AverageSteeringMilliseconds":  1.4999097222222224,
                            "AverageCollisionMilliseconds":  0.3333683333333335,
                            "AverageOtherMilliseconds":  0.04739694444444443
                        }
                    ]
}
