{
    "CreatedAtUtc":  "2026-07-10T14:44:14.5839167Z",
    "Passed":  true,
    "Cases":  [
                  {
                      "Units":  256,
                      "MeasuredTicks":  360,
                      "Passed":  true,
                      "P95BudgetMilliseconds":  4,
                      "AllocationBudgetBytes":  1024,
                      "AverageTickMilliseconds":  1.17980138888889,
                      "P95TickMilliseconds":  1.6864,
                      "MaximumTickMilliseconds":  7.3631,
                      "AverageAllocatedBytes":  27.2,
                      "AveragePathMilliseconds":  0.000530833333333332,
                      "AverageSteeringMilliseconds":  0.6935327777777777,
                      "AverageCollisionMilliseconds":  0.40599083333333336,
                      "AverageOtherMilliseconds":  0.07834055555555555
                  },
                  {
                      "Units":  512,
                      "MeasuredTicks":  360,
                      "Passed":  true,
                      "P95BudgetMilliseconds":  12.5,
                      "AllocationBudgetBytes":  1024,
                      "AverageTickMilliseconds":  4.023686388888886,
                      "P95TickMilliseconds":  4.8385,
                      "MaximumTickMilliseconds":  5.8724,
                      "AverageAllocatedBytes":  182.2,
                      "AveragePathMilliseconds":  0.001254722222222223,
                      "AverageSteeringMilliseconds":  3.161060833333335,
                      "AverageCollisionMilliseconds":  0.7929477777777781,
                      "AverageOtherMilliseconds":  0.0679258333333333
                  },
                  {
                      "Units":  1000,
                      "MeasuredTicks":  360,
                      "Passed":  true,
                      "P95BudgetMilliseconds":  16.67,
                      "AllocationBudgetBytes":  1024,
                      "AverageTickMilliseconds":  8.12310138888888,
                      "P95TickMilliseconds":  10.0663,
                      "MaximumTickMilliseconds":  12.7224,
                      "AverageAllocatedBytes":  461.15555555555557,
                      "AveragePathMilliseconds":  0.0023522222222222217,
                      "AverageSteeringMilliseconds":  6.156095,
                      "AverageCollisionMilliseconds":  1.835400277777778,
                      "AverageOtherMilliseconds":  0.12866694444444435
                  }
              ]
}
