{
    "CreatedAtUtc":  "2026-07-11T14:06:51.9003316Z",
    "Passed":  true,
    "Cases":  [
                  {
                      "Units":  256,
                      "MeasuredTicks":  360,
                      "Passed":  true,
                      "P95BudgetMilliseconds":  4,
                      "StateHashBudgetMilliseconds":  2,
                      "AllocationBudgetBytes":  1024,
                      "AverageTickMilliseconds":  1.2219411111111105,
                      "P95TickMilliseconds":  1.7213,
                      "MaximumTickMilliseconds":  2.7991,
                      "AverageStateHashMilliseconds":  1.29264375,
                      "AverageAllocatedBytes":  27.2,
                      "AverageCombatMilliseconds":  0.006720555555555539,
                      "AveragePathMilliseconds":  0.0007894444444444424,
                      "AverageSteeringMilliseconds":  0.7689119444444443,
                      "AverageCollisionMilliseconds":  0.3853458333333331,
                      "AverageOtherMilliseconds":  0.05948138888888889
                  },
                  {
                      "Units":  512,
                      "MeasuredTicks":  360,
                      "Passed":  true,
                      "P95BudgetMilliseconds":  12.5,
                      "StateHashBudgetMilliseconds":  6.25,
                      "AllocationBudgetBytes":  1024,
                      "AverageTickMilliseconds":  4.051827222222219,
                      "P95TickMilliseconds":  4.939,
                      "MaximumTickMilliseconds":  11.7326,
                      "AverageStateHashMilliseconds":  1.48650625,
                      "AverageAllocatedBytes":  182.2,
                      "AverageCombatMilliseconds":  0.0037188888888888944,
                      "AveragePathMilliseconds":  0.0015377777777777775,
                      "AverageSteeringMilliseconds":  3.162801666666664,
                      "AverageCollisionMilliseconds":  0.8047866666666672,
                      "AverageOtherMilliseconds":  0.07843138888888891
                  },
                  {
                      "Units":  1000,
                      "MeasuredTicks":  360,
                      "Passed":  true,
                      "P95BudgetMilliseconds":  16.67,
                      "StateHashBudgetMilliseconds":  8.335,
                      "AllocationBudgetBytes":  1024,
                      "AverageTickMilliseconds":  7.646997222222225,
                      "P95TickMilliseconds":  9.4872,
                      "MaximumTickMilliseconds":  11.9636,
                      "AverageStateHashMilliseconds":  1.4986875,
                      "AverageAllocatedBytes":  461.15555555555557,
                      "AverageCombatMilliseconds":  0.004567222222222238,
                      "AveragePathMilliseconds":  0.0020544444444444447,
                      "AverageSteeringMilliseconds":  5.734245833333336,
                      "AverageCollisionMilliseconds":  1.7699202777777772,
                      "AverageOtherMilliseconds":  0.13557361111111116
                  }
              ],
    "CombatCases":  [
                        {
                            "Units":  128,
                            "MeasuredTicks":  360,
                            "Passed":  true,
                            "P95BudgetMilliseconds":  4,
                            "StateHashBudgetMilliseconds":  2,
                            "AllocationBudgetBytes":  8192,
                            "AverageTickMilliseconds":  1.4461036111111114,
                            "P95TickMilliseconds":  2.0514,
                            "MaximumTickMilliseconds":  3.3176,
                            "AverageStateHashMilliseconds":  0.15055625,
                            "AverageAllocatedBytes":  2382.133333333333,
                            "AverageCombatMilliseconds":  0.5344919444444443,
                            "AveragePathMilliseconds":  0.004232499999999992,
                            "AverageSteeringMilliseconds":  0.7372844444444444,
                            "AverageCollisionMilliseconds":  0.14797861111111119,
                            "AverageOtherMilliseconds":  0.021662777777777784
                        },
                        {
                            "Units":  256,
                            "MeasuredTicks":  360,
                            "Passed":  true,
                            "P95BudgetMilliseconds":  8,
                            "StateHashBudgetMilliseconds":  4,
                            "AllocationBudgetBytes":  8192,
                            "AverageTickMilliseconds":  4.372564166666667,
                            "P95TickMilliseconds":  6.0534,
                            "MaximumTickMilliseconds":  11.2205,
                            "AverageStateHashMilliseconds":  1.13089375,
                            "AverageAllocatedBytes":  4115.8,
                            "AverageCombatMilliseconds":  2.150791388888889,
                            "AveragePathMilliseconds":  0.01008944444444445,
                            "AverageSteeringMilliseconds":  1.756933611111112,
                            "AverageCollisionMilliseconds":  0.39372472222222216,
                            "AverageOtherMilliseconds":  0.06027222222222228
                        }
                    ]
}
