{
    "CreatedAtUtc":  "2026-07-11T17:43:21.1213003Z",
    "Passed":  true,
    "Cases":  [
                  {
                      "Units":  256,
                      "MeasuredTicks":  360,
                      "Passed":  true,
                      "P95BudgetMilliseconds":  4,
                      "StateHashBudgetMilliseconds":  2,
                      "AllocationBudgetBytes":  1024,
                      "AverageTickMilliseconds":  1.043291111111111,
                      "P95TickMilliseconds":  1.3916,
                      "MaximumTickMilliseconds":  2.2459,
                      "AverageStateHashMilliseconds":  1.21205625,
                      "AverageAllocatedBytes":  27.2,
                      "AverageCombatMilliseconds":  0.004752499999999997,
                      "AveragePathMilliseconds":  0.00040249999999999986,
                      "AverageSteeringMilliseconds":  0.6397663888888891,
                      "AverageCollisionMilliseconds":  0.33989527777777756,
                      "AverageOtherMilliseconds":  0.05771722222222222
                  },
                  {
                      "Units":  512,
                      "MeasuredTicks":  360,
                      "Passed":  true,
                      "P95BudgetMilliseconds":  12.5,
                      "StateHashBudgetMilliseconds":  6.25,
                      "AllocationBudgetBytes":  1024,
                      "AverageTickMilliseconds":  4.903577777777779,
                      "P95TickMilliseconds":  7.4969,
                      "MaximumTickMilliseconds":  10.436,
                      "AverageStateHashMilliseconds":  2.11478125,
                      "AverageAllocatedBytes":  182.2,
                      "AverageCombatMilliseconds":  0.0035361111111111153,
                      "AveragePathMilliseconds":  0.001304722222222223,
                      "AverageSteeringMilliseconds":  3.8251902777777747,
                      "AverageCollisionMilliseconds":  0.980922222222222,
                      "AverageOtherMilliseconds":  0.0919669444444444
                  },
                  {
                      "Units":  1000,
                      "MeasuredTicks":  360,
                      "Passed":  true,
                      "P95BudgetMilliseconds":  16.67,
                      "StateHashBudgetMilliseconds":  8.335,
                      "AllocationBudgetBytes":  1024,
                      "AverageTickMilliseconds":  6.942524444444446,
                      "P95TickMilliseconds":  8.3306,
                      "MaximumTickMilliseconds":  9.2126,
                      "AverageStateHashMilliseconds":  1.61290625,
                      "AverageAllocatedBytes":  461.15555555555557,
                      "AverageCombatMilliseconds":  0.00387583333333334,
                      "AveragePathMilliseconds":  0.0017241666666666668,
                      "AverageSteeringMilliseconds":  5.191159999999997,
                      "AverageCollisionMilliseconds":  1.6202202777777777,
                      "AverageOtherMilliseconds":  0.1250577777777779
                  }
              ],
    "CombatCases":  [
                        {
                            "Units":  128,
                            "MeasuredTicks":  360,
                            "Passed":  true,
                            "P95BudgetMilliseconds":  4,
                            "StateHashBudgetMilliseconds":  2,
                            "AllocationBudgetBytes":  8192,
                            "AverageTickMilliseconds":  1.3092472222222233,
                            "P95TickMilliseconds":  1.7179,
                            "MaximumTickMilliseconds":  2.2122,
                            "AverageStateHashMilliseconds":  0.294375,
                            "AverageAllocatedBytes":  2382.133333333333,
                            "AverageCombatMilliseconds":  0.44023749999999984,
                            "AveragePathMilliseconds":  0.0031180555555555527,
                            "AverageSteeringMilliseconds":  0.654116388888889,
                            "AverageCollisionMilliseconds":  0.12872999999999987,
                            "AverageOtherMilliseconds":  0.08263833333333334
                        },
                        {
                            "Units":  256,
                            "MeasuredTicks":  360,
                            "Passed":  true,
                            "P95BudgetMilliseconds":  8,
                            "StateHashBudgetMilliseconds":  4,
                            "AllocationBudgetBytes":  8192,
                            "AverageTickMilliseconds":  3.5614049999999975,
                            "P95TickMilliseconds":  4.9845,
                            "MaximumTickMilliseconds":  5.8124,
                            "AverageStateHashMilliseconds":  1.28741875,
                            "AverageAllocatedBytes":  4115.8,
                            "AverageCombatMilliseconds":  1.6150883333333332,
                            "AveragePathMilliseconds":  0.006868333333333334,
                            "AverageSteeringMilliseconds":  1.4089630555555552,
                            "AverageCollisionMilliseconds":  0.31653027777777804,
                            "AverageOtherMilliseconds":  0.2134080555555556
                        }
                    ]
}
