{
    "CreatedAtUtc":  "2026-07-14T12:24:52.2866952Z",
    "Passed":  false,
    "Cases":  [
                  {
                      "Units":  256,
                      "MeasuredTicks":  360,
                      "Passed":  false,
                      "P95BudgetMilliseconds":  4,
                      "StateHashBudgetMilliseconds":  2,
                      "AllocationBudgetBytes":  1024,
                      "AverageTickMilliseconds":  1.373601666666666,
                      "P95TickMilliseconds":  1.8787,
                      "MaximumTickMilliseconds":  4.5043,
                      "AverageStateHashMilliseconds":  1.8695,
                      "AverageAllocatedBytes":  38695.73333333333,
                      "AverageCombatMilliseconds":  0.04206666666666669,
                      "AveragePathMilliseconds":  0.0009033333333333304,
                      "AverageSteeringMilliseconds":  0.8353024999999994,
                      "AverageCollisionMilliseconds":  0.3489441666666667,
                      "AverageOtherMilliseconds":  0.1457469444444445,
                      "ActiveProjectiles":  0
                  },
                  {
                      "Units":  512,
                      "MeasuredTicks":  360,
                      "Passed":  false,
                      "P95BudgetMilliseconds":  12.5,
                      "StateHashBudgetMilliseconds":  6.25,
                      "AllocationBudgetBytes":  1024,
                      "AverageTickMilliseconds":  5.214541944444441,
                      "P95TickMilliseconds":  8.5813,
                      "MaximumTickMilliseconds":  53.9759,
                      "AverageStateHashMilliseconds":  1.57584375,
                      "AverageAllocatedBytes":  81191.37777777777,
                      "AverageCombatMilliseconds":  0.06265833333333332,
                      "AveragePathMilliseconds":  0.0008261111111111097,
                      "AverageSteeringMilliseconds":  3.894752222222217,
                      "AverageCollisionMilliseconds":  0.8570699999999998,
                      "AverageOtherMilliseconds":  0.39825472222222214,
                      "ActiveProjectiles":  0
                  },
                  {
                      "Units":  1000,
                      "MeasuredTicks":  360,
                      "Passed":  false,
                      "P95BudgetMilliseconds":  16.67,
                      "StateHashBudgetMilliseconds":  8.335,
                      "AllocationBudgetBytes":  1024,
                      "AverageTickMilliseconds":  11.368814722222227,
                      "P95TickMilliseconds":  18.2088,
                      "MaximumTickMilliseconds":  44.2322,
                      "AverageStateHashMilliseconds":  2.0841375,
                      "AverageAllocatedBytes":  160242.95555555556,
                      "AverageCombatMilliseconds":  0.1928341666666667,
                      "AveragePathMilliseconds":  0.0013288888888888892,
                      "AverageSteeringMilliseconds":  7.483793333333333,
                      "AverageCollisionMilliseconds":  2.0488997222222216,
                      "AverageOtherMilliseconds":  1.6404969444444444,
                      "ActiveProjectiles":  0
                  }
              ],
    "CombatCases":  [
                        {
                            "Units":  128,
                            "MeasuredTicks":  360,
                            "Passed":  false,
                            "P95BudgetMilliseconds":  4,
                            "StateHashBudgetMilliseconds":  2,
                            "AllocationBudgetBytes":  8192,
                            "AverageTickMilliseconds":  0.5281102777777776,
                            "P95TickMilliseconds":  0.7746,
                            "MaximumTickMilliseconds":  2.1207,
                            "AverageStateHashMilliseconds":  0.46623125,
                            "AverageAllocatedBytes":  11730.333333333334,
                            "AverageCombatMilliseconds":  0.03654000000000001,
                            "AveragePathMilliseconds":  0.00040416666666666617,
                            "AverageSteeringMilliseconds":  0.279896388888889,
                            "AverageCollisionMilliseconds":  0.1001911111111111,
                            "AverageOtherMilliseconds":  0.11061638888888897,
                            "ActiveProjectiles":  634
                        },
                        {
                            "Units":  256,
                            "MeasuredTicks":  360,
                            "Passed":  false,
                            "P95BudgetMilliseconds":  8,
                            "StateHashBudgetMilliseconds":  4,
                            "AllocationBudgetBytes":  8192,
                            "AverageTickMilliseconds":  1.9064216666666658,
                            "P95TickMilliseconds":  2.9265,
                            "MaximumTickMilliseconds":  3.5684,
                            "AverageStateHashMilliseconds":  0.58086875,
                            "AverageAllocatedBytes":  23312.933333333334,
                            "AverageCombatMilliseconds":  0.08361138888888896,
                            "AveragePathMilliseconds":  0.001658888888888889,
                            "AverageSteeringMilliseconds":  1.327586944444445,
                            "AverageCollisionMilliseconds":  0.2557525000000003,
                            "AverageOtherMilliseconds":  0.2372433333333335,
                            "ActiveProjectiles":  832
                        }
                    ]
}
