{
    "CreatedAtUtc":  "2026-07-11T09:05:15.4120202Z",
    "Passed":  true,
    "Cases":  [
                  {
                      "Units":  256,
                      "MeasuredTicks":  360,
                      "Passed":  true,
                      "P95BudgetMilliseconds":  4,
                      "StateHashBudgetMilliseconds":  2,
                      "AllocationBudgetBytes":  1024,
                      "AverageTickMilliseconds":  1.1858913888888882,
                      "P95TickMilliseconds":  1.6261,
                      "MaximumTickMilliseconds":  5.3736,
                      "AverageStateHashMilliseconds":  1.08128125,
                      "AverageAllocatedBytes":  27.2,
                      "AverageCombatMilliseconds":  0.006096111111111088,
                      "AveragePathMilliseconds":  0.000576666666666665,
                      "AverageSteeringMilliseconds":  0.6613786111111112,
                      "AverageCollisionMilliseconds":  0.41031416666666715,
                      "AverageOtherMilliseconds":  0.10603361111111122
                  },
                  {
                      "Units":  512,
                      "MeasuredTicks":  360,
                      "Passed":  true,
                      "P95BudgetMilliseconds":  12.5,
                      "StateHashBudgetMilliseconds":  6.25,
                      "AllocationBudgetBytes":  1024,
                      "AverageTickMilliseconds":  3.8529536111111113,
                      "P95TickMilliseconds":  5.0677,
                      "MaximumTickMilliseconds":  6.5035,
                      "AverageStateHashMilliseconds":  1.29348125,
                      "AverageAllocatedBytes":  182.2,
                      "AverageCombatMilliseconds":  0.0026766666666666727,
                      "AveragePathMilliseconds":  0.001161666666666666,
                      "AverageSteeringMilliseconds":  3.0136686111111097,
                      "AverageCollisionMilliseconds":  0.7652799999999996,
                      "AverageOtherMilliseconds":  0.0695722222222222
                  },
                  {
                      "Units":  1000,
                      "MeasuredTicks":  360,
                      "Passed":  true,
                      "P95BudgetMilliseconds":  16.67,
                      "StateHashBudgetMilliseconds":  8.335,
                      "AllocationBudgetBytes":  1024,
                      "AverageTickMilliseconds":  7.232376111111109,
                      "P95TickMilliseconds":  8.8946,
                      "MaximumTickMilliseconds":  11.7893,
                      "AverageStateHashMilliseconds":  1.546225,
                      "AverageAllocatedBytes":  461.15555555555557,
                      "AverageCombatMilliseconds":  0.004376944444444454,
                      "AveragePathMilliseconds":  0.001858333333333334,
                      "AverageSteeringMilliseconds":  5.423139444444446,
                      "AverageCollisionMilliseconds":  1.6764266666666667,
                      "AverageOtherMilliseconds":  0.12604805555555545
                  }
              ],
    "CombatCases":  [
                        {
                            "Units":  128,
                            "MeasuredTicks":  360,
                            "Passed":  true,
                            "P95BudgetMilliseconds":  4,
                            "StateHashBudgetMilliseconds":  2,
                            "AllocationBudgetBytes":  8192,
                            "AverageTickMilliseconds":  1.269723055555554,
                            "P95TickMilliseconds":  1.6363,
                            "MaximumTickMilliseconds":  3.0189,
                            "AverageStateHashMilliseconds":  0.15174375,
                            "AverageAllocatedBytes":  2382.133333333333,
                            "AverageCombatMilliseconds":  0.45201749999999985,
                            "AveragePathMilliseconds":  0.003262499999999997,
                            "AverageSteeringMilliseconds":  0.6667636111111115,
                            "AverageCollisionMilliseconds":  0.1301449999999999,
                            "AverageOtherMilliseconds":  0.017118333333333333
                        },
                        {
                            "Units":  256,
                            "MeasuredTicks":  360,
                            "Passed":  true,
                            "P95BudgetMilliseconds":  8,
                            "StateHashBudgetMilliseconds":  4,
                            "AllocationBudgetBytes":  8192,
                            "AverageTickMilliseconds":  3.44760888888889,
                            "P95TickMilliseconds":  5.007,
                            "MaximumTickMilliseconds":  7.4562,
                            "AverageStateHashMilliseconds":  1.0765625,
                            "AverageAllocatedBytes":  4115.8,
                            "AverageCombatMilliseconds":  1.6296138888888907,
                            "AveragePathMilliseconds":  0.007112777777777779,
                            "AverageSteeringMilliseconds":  1.4472447222222216,
                            "AverageCollisionMilliseconds":  0.31905833333333333,
                            "AverageOtherMilliseconds":  0.04397972222222222
                        }
                    ]
}
