{
    "CreatedAtUtc":  "2026-07-11T11:08:59.7461363Z",
    "Passed":  true,
    "Cases":  [
                  {
                      "Units":  256,
                      "MeasuredTicks":  360,
                      "Passed":  true,
                      "P95BudgetMilliseconds":  4,
                      "StateHashBudgetMilliseconds":  2,
                      "AllocationBudgetBytes":  1024,
                      "AverageTickMilliseconds":  1.0632311111111115,
                      "P95TickMilliseconds":  1.6035,
                      "MaximumTickMilliseconds":  5.3122,
                      "AverageStateHashMilliseconds":  0.7687125,
                      "AverageAllocatedBytes":  27.2,
                      "AverageCombatMilliseconds":  0.004418888888888875,
                      "AveragePathMilliseconds":  0.0003974999999999997,
                      "AverageSteeringMilliseconds":  0.6087999999999999,
                      "AverageCollisionMilliseconds":  0.3625905555555557,
                      "AverageOtherMilliseconds":  0.08602333333333331
                  },
                  {
                      "Units":  512,
                      "MeasuredTicks":  360,
                      "Passed":  true,
                      "P95BudgetMilliseconds":  12.5,
                      "StateHashBudgetMilliseconds":  6.25,
                      "AllocationBudgetBytes":  1024,
                      "AverageTickMilliseconds":  3.907599722222222,
                      "P95TickMilliseconds":  4.922,
                      "MaximumTickMilliseconds":  6.9517,
                      "AverageStateHashMilliseconds":  1.867425,
                      "AverageAllocatedBytes":  182.2,
                      "AverageCombatMilliseconds":  0.0025902777777777764,
                      "AveragePathMilliseconds":  0.001179166666666666,
                      "AverageSteeringMilliseconds":  3.042881666666668,
                      "AverageCollisionMilliseconds":  0.7877572222222227,
                      "AverageOtherMilliseconds":  0.07267111111111114
                  },
                  {
                      "Units":  1000,
                      "MeasuredTicks":  360,
                      "Passed":  true,
                      "P95BudgetMilliseconds":  16.67,
                      "StateHashBudgetMilliseconds":  8.335,
                      "AllocationBudgetBytes":  1024,
                      "AverageTickMilliseconds":  6.429320000000003,
                      "P95TickMilliseconds":  7.6502,
                      "MaximumTickMilliseconds":  8.2771,
                      "AverageStateHashMilliseconds":  1.2033,
                      "AverageAllocatedBytes":  461.15555555555557,
                      "AverageCombatMilliseconds":  0.003610277777777782,
                      "AveragePathMilliseconds":  0.0015155555555555558,
                      "AverageSteeringMilliseconds":  4.806691944444448,
                      "AverageCollisionMilliseconds":  1.50606138888889,
                      "AverageOtherMilliseconds":  0.11097055555555563
                  }
              ],
    "CombatCases":  [
                        {
                            "Units":  128,
                            "MeasuredTicks":  360,
                            "Passed":  true,
                            "P95BudgetMilliseconds":  4,
                            "StateHashBudgetMilliseconds":  2,
                            "AllocationBudgetBytes":  8192,
                            "AverageTickMilliseconds":  1.2828049999999998,
                            "P95TickMilliseconds":  2.2709,
                            "MaximumTickMilliseconds":  3.5851,
                            "AverageStateHashMilliseconds":  0.13935625,
                            "AverageAllocatedBytes":  2382.133333333333,
                            "AverageCombatMilliseconds":  0.5045297222222218,
                            "AveragePathMilliseconds":  0.0029813888888888824,
                            "AverageSteeringMilliseconds":  0.6346413888888894,
                            "AverageCollisionMilliseconds":  0.12451166666666666,
                            "AverageOtherMilliseconds":  0.015642777777777773
                        },
                        {
                            "Units":  256,
                            "MeasuredTicks":  360,
                            "Passed":  true,
                            "P95BudgetMilliseconds":  8,
                            "StateHashBudgetMilliseconds":  4,
                            "AllocationBudgetBytes":  8192,
                            "AverageTickMilliseconds":  3.0635752777777765,
                            "P95TickMilliseconds":  3.9342,
                            "MaximumTickMilliseconds":  4.8227,
                            "AverageStateHashMilliseconds":  0.6709375,
                            "AverageAllocatedBytes":  4115.8,
                            "AverageCombatMilliseconds":  1.4511947222222215,
                            "AveragePathMilliseconds":  0.005492777777777781,
                            "AverageSteeringMilliseconds":  1.279120833333334,
                            "AverageCollisionMilliseconds":  0.2925172222222222,
                            "AverageOtherMilliseconds":  0.03479972222222223
                        }
                    ]
}
