{
    "CreatedAtUtc":  "2026-07-11T19:07:59.9792853Z",
    "Passed":  true,
    "Cases":  [
                  {
                      "Units":  256,
                      "MeasuredTicks":  360,
                      "Passed":  true,
                      "P95BudgetMilliseconds":  4,
                      "StateHashBudgetMilliseconds":  2,
                      "AllocationBudgetBytes":  1024,
                      "AverageTickMilliseconds":  1.1414219444444438,
                      "P95TickMilliseconds":  1.5169,
                      "MaximumTickMilliseconds":  6.1431,
                      "AverageStateHashMilliseconds":  1.06050625,
                      "AverageAllocatedBytes":  27.2,
                      "AverageCombatMilliseconds":  0.006286944444444425,
                      "AveragePathMilliseconds":  0.0006452777777777768,
                      "AverageSteeringMilliseconds":  0.6562283333333336,
                      "AverageCollisionMilliseconds":  0.3810974999999999,
                      "AverageOtherMilliseconds":  0.09573416666666673
                  },
                  {
                      "Units":  512,
                      "MeasuredTicks":  360,
                      "Passed":  true,
                      "P95BudgetMilliseconds":  12.5,
                      "StateHashBudgetMilliseconds":  6.25,
                      "AllocationBudgetBytes":  1024,
                      "AverageTickMilliseconds":  3.9031050000000045,
                      "P95TickMilliseconds":  4.867,
                      "MaximumTickMilliseconds":  6.2694,
                      "AverageStateHashMilliseconds":  1.6734375,
                      "AverageAllocatedBytes":  182.2,
                      "AverageCombatMilliseconds":  0.0023308333333333406,
                      "AveragePathMilliseconds":  0.001188888888888888,
                      "AverageSteeringMilliseconds":  3.0511388888888873,
                      "AverageCollisionMilliseconds":  0.7728936111111109,
                      "AverageOtherMilliseconds":  0.07501250000000002
                  },
                  {
                      "Units":  1000,
                      "MeasuredTicks":  360,
                      "Passed":  true,
                      "P95BudgetMilliseconds":  16.67,
                      "StateHashBudgetMilliseconds":  8.335,
                      "AllocationBudgetBytes":  1024,
                      "AverageTickMilliseconds":  8.001380277777775,
                      "P95TickMilliseconds":  10.0836,
                      "MaximumTickMilliseconds":  13.2325,
                      "AverageStateHashMilliseconds":  2.0212,
                      "AverageAllocatedBytes":  461.15555555555557,
                      "AverageCombatMilliseconds":  0.004454722222222227,
                      "AveragePathMilliseconds":  0.002134444444444444,
                      "AverageSteeringMilliseconds":  6.018651388888889,
                      "AverageCollisionMilliseconds":  1.8314694444444444,
                      "AverageOtherMilliseconds":  0.14407722222222236
                  }
              ],
    "CombatCases":  [
                        {
                            "Units":  128,
                            "MeasuredTicks":  360,
                            "Passed":  true,
                            "P95BudgetMilliseconds":  4,
                            "StateHashBudgetMilliseconds":  2,
                            "AllocationBudgetBytes":  8192,
                            "AverageTickMilliseconds":  1.6160149999999998,
                            "P95TickMilliseconds":  2.2708,
                            "MaximumTickMilliseconds":  4.0821,
                            "AverageStateHashMilliseconds":  0.31066875,
                            "AverageAllocatedBytes":  2382.133333333333,
                            "AverageCombatMilliseconds":  0.5694680555555557,
                            "AveragePathMilliseconds":  0.004573888888888885,
                            "AverageSteeringMilliseconds":  0.7830336111111118,
                            "AverageCollisionMilliseconds":  0.15217388888888891,
                            "AverageOtherMilliseconds":  0.10625416666666666
                        },
                        {
                            "Units":  256,
                            "MeasuredTicks":  360,
                            "Passed":  true,
                            "P95BudgetMilliseconds":  8,
                            "StateHashBudgetMilliseconds":  4,
                            "AllocationBudgetBytes":  8192,
                            "AverageTickMilliseconds":  3.5418316666666696,
                            "P95TickMilliseconds":  4.717,
                            "MaximumTickMilliseconds":  5.7604,
                            "AverageStateHashMilliseconds":  0.837,
                            "AverageAllocatedBytes":  4115.8,
                            "AverageCombatMilliseconds":  1.6377405555555566,
                            "AveragePathMilliseconds":  0.006811388888888886,
                            "AverageSteeringMilliseconds":  1.3803275000000008,
                            "AverageCollisionMilliseconds":  0.3088033333333333,
                            "AverageOtherMilliseconds":  0.20763888888888876
                        }
                    ]
}
