{
    "CreatedAtUtc":  "2026-07-12T06:33:39.8613404Z",
    "Passed":  true,
    "Cases":  [
                  {
                      "Units":  256,
                      "MeasuredTicks":  360,
                      "Passed":  true,
                      "P95BudgetMilliseconds":  4,
                      "StateHashBudgetMilliseconds":  2,
                      "AllocationBudgetBytes":  1024,
                      "AverageTickMilliseconds":  1.4566483333333322,
                      "P95TickMilliseconds":  2.3816,
                      "MaximumTickMilliseconds":  9.349,
                      "AverageStateHashMilliseconds":  1.63623125,
                      "AverageAllocatedBytes":  27.2,
                      "AverageCombatMilliseconds":  0.006745833333333307,
                      "AveragePathMilliseconds":  0.0010527777777777744,
                      "AverageSteeringMilliseconds":  0.8714508333333341,
                      "AverageCollisionMilliseconds":  0.4737522222222221,
                      "AverageOtherMilliseconds":  0.10182305555555556
                  },
                  {
                      "Units":  512,
                      "MeasuredTicks":  360,
                      "Passed":  true,
                      "P95BudgetMilliseconds":  12.5,
                      "StateHashBudgetMilliseconds":  6.25,
                      "AllocationBudgetBytes":  1024,
                      "AverageTickMilliseconds":  3.552326944444447,
                      "P95TickMilliseconds":  4.6032,
                      "MaximumTickMilliseconds":  5.2498,
                      "AverageStateHashMilliseconds":  1.22431875,
                      "AverageAllocatedBytes":  182.2,
                      "AverageCombatMilliseconds":  0.0022413888888888965,
                      "AveragePathMilliseconds":  0.0009422222222222221,
                      "AverageSteeringMilliseconds":  2.772243611111113,
                      "AverageCollisionMilliseconds":  0.7114755555555556,
                      "AverageOtherMilliseconds":  0.06488333333333335
                  },
                  {
                      "Units":  1000,
                      "MeasuredTicks":  360,
                      "Passed":  true,
                      "P95BudgetMilliseconds":  16.67,
                      "StateHashBudgetMilliseconds":  8.335,
                      "AllocationBudgetBytes":  1024,
                      "AverageTickMilliseconds":  6.82210305555555,
                      "P95TickMilliseconds":  8.5265,
                      "MaximumTickMilliseconds":  10.9409,
                      "AverageStateHashMilliseconds":  1.647175,
                      "AverageAllocatedBytes":  461.15555555555557,
                      "AverageCombatMilliseconds":  0.003762777777777777,
                      "AveragePathMilliseconds":  0.0016711111111111115,
                      "AverageSteeringMilliseconds":  5.1259019444444425,
                      "AverageCollisionMilliseconds":  1.5692541666666668,
                      "AverageOtherMilliseconds":  0.12093861111111111
                  }
              ],
    "CombatCases":  [
                        {
                            "Units":  128,
                            "MeasuredTicks":  360,
                            "Passed":  true,
                            "P95BudgetMilliseconds":  4,
                            "StateHashBudgetMilliseconds":  2,
                            "AllocationBudgetBytes":  8192,
                            "AverageTickMilliseconds":  1.188100555555555,
                            "P95TickMilliseconds":  1.3636,
                            "MaximumTickMilliseconds":  2.8322,
                            "AverageStateHashMilliseconds":  0.2715,
                            "AverageAllocatedBytes":  2382.133333333333,
                            "AverageCombatMilliseconds":  0.3954433333333336,
                            "AveragePathMilliseconds":  0.0025344444444444394,
                            "AverageSteeringMilliseconds":  0.6022413888888886,
                            "AverageCollisionMilliseconds":  0.11600583333333335,
                            "AverageOtherMilliseconds":  0.07153250000000001
                        },
                        {
                            "Units":  256,
                            "MeasuredTicks":  360,
                            "Passed":  true,
                            "P95BudgetMilliseconds":  8,
                            "StateHashBudgetMilliseconds":  4,
                            "AllocationBudgetBytes":  8192,
                            "AverageTickMilliseconds":  3.586955833333334,
                            "P95TickMilliseconds":  5.0969,
                            "MaximumTickMilliseconds":  7.2713,
                            "AverageStateHashMilliseconds":  0.99149375,
                            "AverageAllocatedBytes":  4115.8,
                            "AverageCombatMilliseconds":  1.640820555555556,
                            "AveragePathMilliseconds":  0.0075533333333333355,
                            "AverageSteeringMilliseconds":  1.407876388888889,
                            "AverageCollisionMilliseconds":  0.3148672222222219,
                            "AverageOtherMilliseconds":  0.21527138888888891
                        }
                    ]
}
