{
    "CreatedAtUtc":  "2026-07-11T01:41:29.7704050Z",
    "Passed":  true,
    "Cases":  [
                  {
                      "Units":  256,
                      "MeasuredTicks":  360,
                      "Passed":  true,
                      "P95BudgetMilliseconds":  4,
                      "StateHashBudgetMilliseconds":  2,
                      "AllocationBudgetBytes":  1024,
                      "AverageTickMilliseconds":  1.0073427777777793,
                      "P95TickMilliseconds":  1.3751,
                      "MaximumTickMilliseconds":  5.5546,
                      "AverageStateHashMilliseconds":  0.65159375,
                      "AverageAllocatedBytes":  27.2,
                      "AverageCombatMilliseconds":  0.005215833333333305,
                      "AveragePathMilliseconds":  0.0004955555555555545,
                      "AverageSteeringMilliseconds":  0.5931008333333341,
                      "AverageCollisionMilliseconds":  0.33408777777777776,
                      "AverageOtherMilliseconds":  0.07332277777777776
                  },
                  {
                      "Units":  512,
                      "MeasuredTicks":  360,
                      "Passed":  true,
                      "P95BudgetMilliseconds":  12.5,
                      "StateHashBudgetMilliseconds":  6.25,
                      "AllocationBudgetBytes":  1024,
                      "AverageTickMilliseconds":  3.6549016666666683,
                      "P95TickMilliseconds":  4.629,
                      "MaximumTickMilliseconds":  6.5568,
                      "AverageStateHashMilliseconds":  1.3306875,
                      "AverageAllocatedBytes":  182.2,
                      "AverageCombatMilliseconds":  0.0024286111111111123,
                      "AveragePathMilliseconds":  0.0012602777777777775,
                      "AverageSteeringMilliseconds":  2.8583444444444455,
                      "AverageCollisionMilliseconds":  0.7270052777777782,
                      "AverageOtherMilliseconds":  0.06535361111111113
                  },
                  {
                      "Units":  1000,
                      "MeasuredTicks":  360,
                      "Passed":  true,
                      "P95BudgetMilliseconds":  16.67,
                      "StateHashBudgetMilliseconds":  8.335,
                      "AllocationBudgetBytes":  1024,
                      "AverageTickMilliseconds":  7.360430277777772,
                      "P95TickMilliseconds":  9.1813,
                      "MaximumTickMilliseconds":  10.6073,
                      "AverageStateHashMilliseconds":  1.32425,
                      "AverageAllocatedBytes":  461.15555555555557,
                      "AverageCombatMilliseconds":  0.0043569444444444645,
                      "AveragePathMilliseconds":  0.0017361111111111114,
                      "AverageSteeringMilliseconds":  5.5427075000000015,
                      "AverageCollisionMilliseconds":  1.687268611111112,
                      "AverageOtherMilliseconds":  0.12377583333333345
                  }
              ],
    "CombatCases":  [
                        {
                            "Units":  128,
                            "MeasuredTicks":  360,
                            "Passed":  true,
                            "P95BudgetMilliseconds":  4,
                            "StateHashBudgetMilliseconds":  2,
                            "AllocationBudgetBytes":  8192,
                            "AverageTickMilliseconds":  1.5332730555555552,
                            "P95TickMilliseconds":  3.386,
                            "MaximumTickMilliseconds":  4.3914,
                            "AverageStateHashMilliseconds":  0.15075625,
                            "AverageAllocatedBytes":  2382.133333333333,
                            "AverageCombatMilliseconds":  0.686762777777778,
                            "AveragePathMilliseconds":  0.003646666666666661,
                            "AverageSteeringMilliseconds":  0.6899127777777778,
                            "AverageCollisionMilliseconds":  0.13460694444444438,
                            "AverageOtherMilliseconds":  0.01792583333333333
                        },
                        {
                            "Units":  256,
                            "MeasuredTicks":  360,
                            "Passed":  true,
                            "P95BudgetMilliseconds":  8,
                            "StateHashBudgetMilliseconds":  4,
                            "AllocationBudgetBytes":  8192,
                            "AverageTickMilliseconds":  4.381996666666665,
                            "P95TickMilliseconds":  7.0113,
                            "MaximumTickMilliseconds":  13.8419,
                            "AverageStateHashMilliseconds":  0.86671875,
                            "AverageAllocatedBytes":  4115.8,
                            "AverageCombatMilliseconds":  2.131998888888891,
                            "AveragePathMilliseconds":  0.009177500000000007,
                            "AverageSteeringMilliseconds":  1.7880402777777773,
                            "AverageCollisionMilliseconds":  0.39583999999999975,
                            "AverageOtherMilliseconds":  0.0562833333333333
                        }
                    ]
}
