{
    "CreatedAtUtc":  "2026-07-10T14:14:01.7869828Z",
    "Passed":  true,
    "Cases":  [
                  {
                      "Units":  256,
                      "MeasuredTicks":  360,
                      "Passed":  true,
                      "P95BudgetMilliseconds":  4,
                      "AllocationBudgetBytes":  1024,
                      "AverageTickMilliseconds":  1.1362730555555551,
                      "P95TickMilliseconds":  1.566,
                      "MaximumTickMilliseconds":  5.2368,
                      "AverageAllocatedBytes":  27.2,
                      "AveragePathMilliseconds":  0.0005997222222222215,
                      "AverageSteeringMilliseconds":  0.6696394444444438,
                      "AverageCollisionMilliseconds":  0.3873875000000001,
                      "AverageOtherMilliseconds":  0.07743749999999998
                  },
                  {
                      "Units":  512,
                      "MeasuredTicks":  360,
                      "Passed":  true,
                      "P95BudgetMilliseconds":  12.5,
                      "AllocationBudgetBytes":  1024,
                      "AverageTickMilliseconds":  3.7278261111111073,
                      "P95TickMilliseconds":  4.6882,
                      "MaximumTickMilliseconds":  8.044,
                      "AverageAllocatedBytes":  182.2,
                      "AveragePathMilliseconds":  0.0012030555555555549,
                      "AverageSteeringMilliseconds":  2.9381469444444446,
                      "AverageCollisionMilliseconds":  0.7270033333333339,
                      "AverageOtherMilliseconds":  0.060974444444444484
                  },
                  {
                      "Units":  1000,
                      "MeasuredTicks":  360,
                      "Passed":  true,
                      "P95BudgetMilliseconds":  16.67,
                      "AllocationBudgetBytes":  1024,
                      "AverageTickMilliseconds":  8.127540555555552,
                      "P95TickMilliseconds":  10.1891,
                      "MaximumTickMilliseconds":  15.3478,
                      "AverageAllocatedBytes":  461.15555555555557,
                      "AveragePathMilliseconds":  0.0024666666666666665,
                      "AverageSteeringMilliseconds":  6.166167777777773,
                      "AverageCollisionMilliseconds":  1.826915833333333,
                      "AverageOtherMilliseconds":  0.13140333333333332
                  }
              ]
}
