{
    "CreatedAtUtc":  "2026-07-11T10:43:55.1320791Z",
    "Passed":  true,
    "Cases":  [
                  {
                      "Units":  256,
                      "MeasuredTicks":  360,
                      "Passed":  true,
                      "P95BudgetMilliseconds":  4,
                      "StateHashBudgetMilliseconds":  2,
                      "AllocationBudgetBytes":  1024,
                      "AverageTickMilliseconds":  1.0318508333333334,
                      "P95TickMilliseconds":  1.3528,
                      "MaximumTickMilliseconds":  4.8815,
                      "AverageStateHashMilliseconds":  0.7839625,
                      "AverageAllocatedBytes":  27.2,
                      "AverageCombatMilliseconds":  0.006103888888888883,
                      "AveragePathMilliseconds":  0.0004255555555555558,
                      "AverageSteeringMilliseconds":  0.5764547222222218,
                      "AverageCollisionMilliseconds":  0.3491983333333331,
                      "AverageOtherMilliseconds":  0.09849805555555549
                  },
                  {
                      "Units":  512,
                      "MeasuredTicks":  360,
                      "Passed":  true,
                      "P95BudgetMilliseconds":  12.5,
                      "StateHashBudgetMilliseconds":  6.25,
                      "AllocationBudgetBytes":  1024,
                      "AverageTickMilliseconds":  3.573805833333332,
                      "P95TickMilliseconds":  4.6147,
                      "MaximumTickMilliseconds":  5.2126,
                      "AverageStateHashMilliseconds":  1.2664875,
                      "AverageAllocatedBytes":  182.2,
                      "AverageCombatMilliseconds":  0.002232222222222225,
                      "AveragePathMilliseconds":  0.0011130555555555564,
                      "AverageSteeringMilliseconds":  2.7858536111111136,
                      "AverageCollisionMilliseconds":  0.7189058333333338,
                      "AverageOtherMilliseconds":  0.06523138888888891
                  },
                  {
                      "Units":  1000,
                      "MeasuredTicks":  360,
                      "Passed":  true,
                      "P95BudgetMilliseconds":  16.67,
                      "StateHashBudgetMilliseconds":  8.335,
                      "AllocationBudgetBytes":  1024,
                      "AverageTickMilliseconds":  8.028846388888887,
                      "P95TickMilliseconds":  10.8118,
                      "MaximumTickMilliseconds":  20.3169,
                      "AverageStateHashMilliseconds":  1.52019375,
                      "AverageAllocatedBytes":  461.15555555555557,
                      "AverageCombatMilliseconds":  0.004775833333333337,
                      "AveragePathMilliseconds":  0.0021361111111111116,
                      "AverageSteeringMilliseconds":  5.991632499999999,
                      "AverageCollisionMilliseconds":  1.887764722222222,
                      "AverageOtherMilliseconds":  0.14195638888888887
                  }
              ],
    "CombatCases":  [
                        {
                            "Units":  128,
                            "MeasuredTicks":  360,
                            "Passed":  true,
                            "P95BudgetMilliseconds":  4,
                            "StateHashBudgetMilliseconds":  2,
                            "AllocationBudgetBytes":  8192,
                            "AverageTickMilliseconds":  1.4389011111111105,
                            "P95TickMilliseconds":  2.905,
                            "MaximumTickMilliseconds":  4.1308,
                            "AverageStateHashMilliseconds":  0.13556875,
                            "AverageAllocatedBytes":  2382.133333333333,
                            "AverageCombatMilliseconds":  0.65099,
                            "AveragePathMilliseconds":  0.0032033333333333284,
                            "AverageSteeringMilliseconds":  0.6390202777777778,
                            "AverageCollisionMilliseconds":  0.12864750000000003,
                            "AverageOtherMilliseconds":  0.016629444444444443
                        },
                        {
                            "Units":  256,
                            "MeasuredTicks":  360,
                            "Passed":  true,
                            "P95BudgetMilliseconds":  8,
                            "StateHashBudgetMilliseconds":  4,
                            "AllocationBudgetBytes":  8192,
                            "AverageTickMilliseconds":  3.3940055555555584,
                            "P95TickMilliseconds":  4.4425,
                            "MaximumTickMilliseconds":  5.3969,
                            "AverageStateHashMilliseconds":  0.796825,
                            "AverageAllocatedBytes":  4115.8,
                            "AverageCombatMilliseconds":  1.6221408333333343,
                            "AveragePathMilliseconds":  0.007063611111111108,
                            "AverageSteeringMilliseconds":  1.4017625000000002,
                            "AverageCollisionMilliseconds":  0.31865694444444453,
                            "AverageOtherMilliseconds":  0.043841666666666654
                        }
                    ]
}
